detail_page,title,rating,reviews,price,seller_name,images,video_link,designed_by,link,total_sales
https://www.etsy.com/listing/1648521387/tooled-leather-phone-case?click_key=eda108da57de1eb3097990381701f09d96e8e0d0%3A1648521387&click_sum=65eedd98&ga_order=most_relevant&ga_search_type=all&ga_view_type=gallery&ga_search_query=phone+cases&ref=search_grid-334209-16-1&cns=1,Tooled leather phone case,4.8229,"4,194 reviews",USD 50.00, WillowCrkBoutique,"https://i.etsystatic.com/24758354/r/il/d10beb/5683385545/il_794xN.5683385545_4skp.jpg,https://i.etsystatic.com/24758354/r/il/fad706/5635321772/il_794xN.5635321772_d1sw.jpg",, WillowCrkBoutique,https://www.etsy.com/shop/WillowCrkBoutique,"16,295 Sales"
https://www.etsy.com/listing/1781948369/vintage-sequined-mosaic-scrapbook?click_key=fc52c51c9fdbd8abd7ed89c1a0fd498c6450a3a6%3A1781948369&click_sum=ed9319c7&ga_order=most_relevant&ga_search_type=all&ga_view_type=gallery&ga_search_query=phone+cases&ref=search_grid-334209-16-2&pro=1&pop=1&search_preloaded_img=1,"Vintage Sequined Mosaic Scrapbook Collage Phone Case for iPhone, Samsung Galaxy, Google Pixel Mosaic Charms phone case. Colorful Mosaic Art",4.8511,47 shop reviews,USD 28.13, ArtscapeMarket,"https://i.etsystatic.com/49182015/r/il/cb7b5d/6245262564/il_794xN.6245262564_qr59.jpg,https://i.etsystatic.com/49182015/r/il/bff4a0/6213444560/il_794xN.6213444560_stcd.jpg,https://i.etsystatic.com/49182015/r/il/4dbcd8/6217788792/il_794xN.6217788792_g0xd.jpg,https://i.etsystatic.com/49182015/r/il/a8c62d/6213444540/il_794xN.6213444540_1500.jpg,https://i.etsystatic.com/49182015/r/il/97adba/6213421588/il_794xN.6213421588_jrxj.jpg,https://i.etsystatic.com/49182015/r/il/68684d/6261479679/il_794xN.6261479679_s7nx.jpg,https://i.etsystatic.com/49182015/r/il/54e099/6217788766/il_794xN.6217788766_hj63.jpg,https://i.etsystatic.com/49182015/r/il/367bf2/6213444514/il_794xN.6213444514_lctl.jpg,https://i.etsystatic.com/49182015/r/il/b74f40/6213425916/il_794xN.6213425916_riqc.jpg,https://i.etsystatic.com/49182015/r/il/b4bffe/6213424640/il_794xN.6213424640_ldfp.jpg","https://v.etsystatic.com/video/upload/ac_none,du_15,q_auto:good/Green_Minimalist_New_Catalogue_Video_Collage-3_ispklv.mp4", ArtscapeMarket,https://www.etsy.com/shop/ArtscapeMarket,223 Sales
https://www.etsy.com/listing/1734677771/personalized-magsafe-faloney-suede-case?click_key=eecdab9cc8c42778fb1f71c4ef34a5f7dfd95fad%3A1734677771&click_sum=fed5dabb&ga_order=most_relevant&ga_search_type=all&ga_view_type=gallery&ga_search_query=phone+cases&ref=search_grid-334209-16-3&pop=1,Personalized MAGSAFE Faloney Suede Case for iPhone 16 15 Pro iPhone 14 Initials Engraving/ NAME Engraved Vegan Leather Phone case Gift idea,4.8298,282 reviews,USD 12.80+, CreateStardust,"https://i.etsystatic.com/35402954/r/il/f8ef5b/6052488321/il_794xN.6052488321_b2ej.jpg,https://i.etsystatic.com/35402954/r/il/f0a8ad/6004411336/il_794xN.6004411336_g1ha.jpg,https://i.etsystatic.com/35402954/r/il/0fe78b/6054734191/il_794xN.6054734191_ybon.jpg","https://v.etsystatic.com/video/upload/ac_none,du_15,q_auto:good/file_yssf6q.mp4", CreateStardust,https://www.etsy.com/shop/CreateStardust,"1,247 Sales"
https://www.etsy.com/listing/1744048361/narcissist-half-mirror-half-art-phone?click_key=c8f40f39288bfea3d9a11e50abd7de1b351fcf01%3A1744048361&click_sum=5fb65f08&ga_order=most_relevant&ga_search_type=all&ga_view_type=gallery&ga_search_query=phone+cases&ref=search_grid-334209-16-4&pro=1&pop=1,Narcissist Half Mirror Half Art Phone Case,4.7778,9 reviews,USD 18.00+, TheGreatIndoorsUS,"https://i.etsystatic.com/52882097/c/1080/857/0/110/il/fa0df3/6044912590/il_794xN.6044912590_tgh6.jpg,https://i.etsystatic.com/52882097/r/il/991a84/6092983065/il_794xN.6092983065_amfg.jpg,https://i.etsystatic.com/52882097/r/il/6486a5/6044907000/il_794xN.6044907000_rmpe.jpg,https://i.etsystatic.com/52882097/r/il/759925/6092979625/il_794xN.6092979625_nnjp.jpg,https://i.etsystatic.com/52882097/r/il/ba7db8/6044910242/il_794xN.6044910242_7h9m.jpg","https://v.etsystatic.com/video/upload/ac_none,du_15,q_auto:good/Narciss_cbvleg.mp4", TheGreatIndoorsUS,https://www.etsy.com/shop/TheGreatIndoorsUS,46 Sales
https://www.etsy.com/listing/1721787303/colorful-mosaic-phone-case-vintage?click_key=92cb26d7291e418fcca971182120f0be2b18d49a%3A1721787303&click_sum=670bd8f0&ga_order=most_relevant&ga_search_type=all&ga_view_type=gallery&ga_search_query=phone+cases&ref=search_grid-334210-16-1&pro=1&sts=1&content_source=e44c30bd6cfdb6af60b0a2066976c4724eeb23b0%253A1721787303,"Colorful Mosaic Phone Case, Vintage Mosaic Art, Cute Festival Phone Case, iPhone 15 14 13 12 11 Pro Max 8 Plus X, Samsung Galaxy S23 S22 S20",4.881,132 shop reviews,USD 25.50, DreamsCase,"https://i.etsystatic.com/25063470/c/2459/1954/304/514/il/e5113a/5949204828/il_794xN.5949204828_hdht.jpg,https://i.etsystatic.com/25063470/r/il/c6a5a8/5949188540/il_794xN.5949188540_9usn.jpg,https://i.etsystatic.com/25063470/r/il/592be3/5997279851/il_794xN.5997279851_nizk.jpg,https://i.etsystatic.com/25063470/r/il/857029/5997279867/il_794xN.5997279867_cm09.jpg,https://i.etsystatic.com/25063470/r/il/76937d/6143275819/il_794xN.6143275819_mvsz.jpg,https://i.etsystatic.com/25063470/r/il/433236/6095194372/il_794xN.6095194372_bd71.jpg,https://i.etsystatic.com/25063470/r/il/996f93/6095194374/il_794xN.6095194374_tdws.jpg,https://i.etsystatic.com/25063470/r/il/eddb44/5949203942/il_794xN.5949203942_khmi.jpg,https://i.etsystatic.com/25063470/r/il/a8eee4/6143275825/il_794xN.6143275825_2ryn.jpg,https://i.etsystatic.com/25063470/r/il/2e65d8/6143275821/il_794xN.6143275821_cmp3.jpg","https://v.etsystatic.com/video/upload/ac_none,du_15,q_auto:good/Check_ou_grzdek.mp4", DreamsCase,https://www.etsy.com/shop/DreamsCase,695 Sales
https://www.etsy.com/listing/1258919552/checked-phone-case-available-in-iphone?click_key=de20315dd847dec0ba97f54cfb372a6be3ef31fd%3A1258919552&click_sum=2f46d187&ga_order=most_relevant&ga_search_type=all&ga_view_type=gallery&ga_search_query=phone+cases&ref=search_grid-334210-16-2&content_source=1719d6934ff2e48f19b9f4b384a65aab76358ae4%253A1258919552,Checked Phone case *available in iPhone and android* iPhone 6 7 8 plus iPhone X XR XS max 11 12 13 14 iPhone 15 16 Pro Max Samsung Huawei,4.6014,"3,841 reviews",USD 16.45, byzoecharlotte,,, byzoecharlotte,https://www.etsy.com/shop/byzoecharlotte,"17,797 Sales"
https://www.etsy.com/listing/1692694515/custom-resin-trinket-charm-phone-case?click_key=f2052f7d34b82684e0eefdd44a252fccc96d103a%3A1692694515&click_sum=11ff99dd&ga_order=most_relevant&ga_search_type=all&ga_view_type=gallery&ga_search_query=phone+cases&ref=search_grid-334210-16-3&ret=1&content_source=c928de5a7ea2a381896620d9295afefc31590de5%253A1692694515,custom resin trinket charm phone case (EXAMPLE),5,9 shop reviews,USD 45.00, unresinable,"https://i.etsystatic.com/50873318/r/il/9f8ddf/5822881862/il_794xN.5822881862_a043.jpg,https://i.etsystatic.com/50873318/r/il/d07018/5826139054/il_794xN.5826139054_541n.jpg,https://i.etsystatic.com/50873318/r/il/de2f76/5826137984/il_794xN.5826137984_ao3j.jpg,https://i.etsystatic.com/50873318/r/il/97371b/5874232371/il_794xN.5874232371_7jw3.jpg",, unresinable,https://www.etsy.com/shop/unresinable,33 Sales
https://www.etsy.com/listing/1597522424/ghostface-scream-phone-case-halloween?click_key=ab579d89d82098d448258d26fb905102e744221d%3A1597522424&click_sum=ed58ec18&ga_order=most_relevant&ga_search_type=all&ga_view_type=gallery&ga_search_query=phone+cases&ref=search_grid-334210-16-4&cns=1&content_source=afb8e094a21e4edebcfed46e2dc4fff6484fe61c%253A1597522424,"Ghostface Scream Phone Case Halloween Gift, Horror iphone 15 Pro Max case, Scary Phone cover for Samsung S23 S22 Halloween costume accessory",5,10 shop reviews,USD 34.68+, CaseCult,"https://i.etsystatic.com/27346695/c/2116/1682/497/144/il/717a75/5507515378/il_794xN.5507515378_wehx.jpg,https://i.etsystatic.com/27346695/r/il/61d5a7/5555629719/il_794xN.5555629719_4ry0.jpg,https://i.etsystatic.com/27346695/r/il/96103c/5555629707/il_794xN.5555629707_q99w.jpg,https://i.etsystatic.com/27346695/r/il/aeecc7/5373420665/il_794xN.5373420665_4gq7.jpg,https://i.etsystatic.com/27346695/r/il/b16016/5325248130/il_794xN.5325248130_jusy.jpg,https://i.etsystatic.com/27346695/r/il/c44c27/5325248144/il_794xN.5325248144_i0vg.jpg,https://i.etsystatic.com/27346695/r/il/7566c6/5520314991/il_794xN.5520314991_ltwh.jpg",, CaseCult,https://www.etsy.com/shop/CaseCult,24 Sales
https://www.etsy.com/listing/1693610349/scripture-scrapbook-phone-case-jesus?click_key=3c8ecc1658f38cbab83821cd97998eef2b91eb8d%3A1693610349&click_sum=add0ef8e&ga_order=most_relevant&ga_search_type=all&ga_view_type=gallery&ga_search_query=phone+cases&ref=search_grid-334210-16-5&pro=1&sts=1&content_source=8cceeaa6e8bb6cea6b7f900c1c4f3b21ae25587c%253A1693610349,"Scripture Scrapbook phone case, Jesus collage phone case, iPhone 15, 14, 13, 12, 11, Samsung Galaxy S23 S22 S20 Ultra, Christian pone case",4.9851,67 reviews,USD 24.75, GbbyByAnnie,"https://i.etsystatic.com/39174897/r/il/525564/5937825079/il_794xN.5937825079_eczw.jpg,https://i.etsystatic.com/39174897/r/il/235e5d/5937827123/il_794xN.5937827123_8uew.jpg,https://i.etsystatic.com/39174897/r/il/fb9135/5889754534/il_794xN.5889754534_oib9.jpg,https://i.etsystatic.com/39174897/r/il/e91e50/5889756792/il_794xN.5889756792_nq0e.jpg,https://i.etsystatic.com/39174897/r/il/303134/5889758358/il_794xN.5889758358_3bua.jpg,https://i.etsystatic.com/39174897/r/il/82603d/5937834215/il_794xN.5937834215_ehvt.jpg,https://i.etsystatic.com/39174897/r/il/109593/5937836851/il_794xN.5937836851_87v9.jpg,https://i.etsystatic.com/39174897/r/il/9cbbd0/5889764244/il_794xN.5889764244_i0dl.jpg,https://i.etsystatic.com/39174897/r/il/1f0b9f/5937841609/il_794xN.5937841609_ae8y.jpg,https://i.etsystatic.com/39174897/r/il/33b296/5889768432/il_794xN.5889768432_fi51.jpg",, GbbyByAnnie,https://www.etsy.com/shop/GbbyByAnnie,193 Sales
https://www.etsy.com/listing/1685456156/coastal-coquette-collage-phone-case?click_key=867afcc31fc41f3d0d6419b7ae3374e83c1412e6%3A1685456156&click_sum=bca525e2&ga_order=most_relevant&ga_search_type=all&ga_view_type=gallery&ga_search_query=phone+cases&ref=search_grid-334210-16-6&sts=1&content_source=bf98d9ffafcbaf1a9535e3406929588f8ffc8a22%253A1685456156,"Coastal Coquette Collage Phone Case, Preppy and Cute Aesthetic, iPhone 15 14 13 12 11 Pro Max 8 Plus X, Samsung Galaxy S23 S22 S20 Ultra",4.8889,18 shop reviews,USD 29.85, FeldonDesign,"https://i.etsystatic.com/45764268/r/il/660ff9/5856451880/il_794xN.5856451880_8kms.jpg,https://i.etsystatic.com/45764268/r/il/058469/5856451884/il_794xN.5856451884_r5pq.jpg,https://i.etsystatic.com/45764268/r/il/b0b4ac/5856381112/il_794xN.5856381112_9mzb.jpg,https://i.etsystatic.com/45764268/r/il/a7578f/5856451882/il_794xN.5856451882_j5hh.jpg,https://i.etsystatic.com/45764268/r/il/43af00/5904547233/il_794xN.5904547233_qa3f.jpg,https://i.etsystatic.com/45764268/r/il/5ef598/5904547369/il_794xN.5904547369_pjtg.jpg",, FeldonDesign,https://www.etsy.com/shop/FeldonDesign,116 Sales
https://www.etsy.com/listing/1545753017/aesthetic-new-york-hat-print-flexible?click_key=5a2fb8862f1e060dd19f5c58b113b16198335b87%3A1545753017&click_sum=002960db&ga_order=most_relevant&ga_search_type=all&ga_view_type=gallery&ga_search_query=phone+cases&ref=search_grid-334210-16-7&content_source=f83a173c1243c87bd2a98baf8ca1ad1d3ba36392%253A1545753017,Aesthetic New York Hat Print - Flexible Phone Case,5,13 shop reviews,USD 23.04, lovergirlsstudio,"https://i.etsystatic.com/34258590/r/il/969d1a/5193414286/il_794xN.5193414286_9pp1.jpg,https://i.etsystatic.com/34258590/r/il/5424f1/5241642007/il_794xN.5241642007_ipja.jpg,https://i.etsystatic.com/34258590/r/il/d7ef6d/5241643739/il_794xN.5241643739_pztn.jpg,https://i.etsystatic.com/34258590/r/il/10f087/5241646007/il_794xN.5241646007_svtu.jpg,https://i.etsystatic.com/34258590/r/il/36487e/5193422016/il_794xN.5193422016_dsg0.jpg,https://i.etsystatic.com/34258590/r/il/d33218/5193424436/il_794xN.5193424436_o7g5.jpg,https://i.etsystatic.com/34258590/r/il/818807/5193427200/il_794xN.5193427200_jguz.jpg,https://i.etsystatic.com/34258590/r/il/92b5ad/5241655543/il_794xN.5241655543_1np9.jpg,https://i.etsystatic.com/34258590/r/il/a99a29/5193430080/il_794xN.5193430080_52kc.jpg,https://i.etsystatic.com/34258590/r/il/5fe37f/5241659387/il_794xN.5241659387_hmsq.jpg",, lovergirlsstudio,https://www.etsy.com/shop/lovergirlsstudio,169 Sales
https://www.etsy.com/listing/791506247/pet-phone-case-dog-cat-portrait-icon?click_key=b1f13f5aa383f58a8b40173063f06ad1ac6cd25c%3A791506247&click_sum=cc026962&ga_order=most_relevant&ga_search_type=all&ga_view_type=gallery&ga_search_query=phone+cases&ref=search_grid-334210-16-8&content_source=9e3fc736cd23eb5208cd004a87ed0a33a2d37b6c%253A791506247,"PET Phone Case, Dog Cat Portrait, Icon Style ,Personalised Phone Case Custom Photo CLEAR Cover for iPhone 15 14 13 12 11 Pro Max X Samsung",4.641,"4,773 reviews",USD 17.80, SmartGiftShopUK,"https://i.etsystatic.com/8833094/r/il/672c02/3821165959/il_794xN.3821165959_6h33.jpg,https://i.etsystatic.com/8833094/r/il/d1ec8f/3773569450/il_794xN.3773569450_slv5.jpg,https://i.etsystatic.com/8833094/r/il/2ded7b/3773569460/il_794xN.3773569460_anxl.jpg,https://i.etsystatic.com/8833094/r/il/e4e403/3821166593/il_794xN.3821166593_kne5.jpg,https://i.etsystatic.com/8833094/r/il/67a504/3821166589/il_794xN.3821166589_tgpu.jpg,https://i.etsystatic.com/8833094/r/il/af255e/3773570256/il_794xN.3773570256_jjhs.jpg,https://i.etsystatic.com/8833094/r/il/a56c17/3821167775/il_794xN.3821167775_ssqc.jpg,https://i.etsystatic.com/8833094/r/il/d369e5/4211683625/il_794xN.4211683625_468g.jpg,https://i.etsystatic.com/8833094/r/il/0d1f59/4211684141/il_794xN.4211684141_fbwr.jpg,https://i.etsystatic.com/8833094/r/il/308555/4164027596/il_794xN.4164027596_lih0.jpg","https://v.etsystatic.com/video/upload/ac_none,du_15,q_auto:good/pet_portrait_oil_1080p_xaczey.mp4", SmartGiftShopUK,https://www.etsy.com/shop/SmartGiftShopUK,"26,409 Sales"
https://www.etsy.com/listing/1772851667/sage-green-flower-case-iphone-floral?click_key=c7c43ebc59f534b3d1c46544879d3e6626d38131%3A1772851667&click_sum=40ecdca9&ga_order=most_relevant&ga_search_type=all&ga_view_type=gallery&ga_search_query=phone+cases&ref=search_grid-444509-16-5,Sage Green Flower Case iPhone | Floral Pattern Design | Cute Phone Case | Aesthetic Elegant | iPhone 14 13 12 11 phone case,4.6791,354 shop reviews,USD 17.30, Blue82Creations,"https://i.etsystatic.com/34054804/r/il/f71613/6219831137/il_794xN.6219831137_ewm3.jpg,https://i.etsystatic.com/34054804/r/il/01d50a/6219812365/il_794xN.6219812365_fuzh.jpg,https://i.etsystatic.com/34054804/r/il/89028a/6219826365/il_794xN.6219826365_l73p.jpg",, Blue82Creations,https://www.etsy.com/shop/Blue82Creations,"2,087 Sales"
https://www.etsy.com/listing/676717200/special-offer-classic-leather-phone-case?click_key=3dc716ec9ea7c924568960407315931b50d86be0%3A676717200&click_sum=6937d162&ga_order=most_relevant&ga_search_type=all&ga_view_type=gallery&ga_search_query=phone+cases&ref=search_grid-444509-16-6&frs=1,"Special Offer Classic Leather Phone Case For iPhone 16/15/14/13/12/11 Pro,iPhone X/XR,Samsung Galaxy S10/S20/S21/S22/S23/S24 Plus,Note 10/20",4.5909,"2,055 reviews",USD 16.99, Jexicase,"https://i.etsystatic.com/17446158/r/il/4b4176/3743235527/il_794xN.3743235527_g5ld.jpg,https://i.etsystatic.com/17446158/r/il/4f75e8/3825149954/il_794xN.3825149954_o7n3.jpg,https://i.etsystatic.com/17446158/r/il/a0aa2b/1811534086/il_794xN.1811534086_2fc3.jpg,https://i.etsystatic.com/17446158/r/il/1350ec/3743235363/il_794xN.3743235363_g8cm.jpg,https://i.etsystatic.com/17446158/r/il/4ccb88/3695647956/il_794xN.3695647956_o8jv.jpg,https://i.etsystatic.com/17446158/r/il/7e9f82/3695647964/il_794xN.3695647964_1rap.jpg,https://i.etsystatic.com/17446158/r/il/663217/3695646588/il_794xN.3695646588_3ewm.jpg,https://i.etsystatic.com/17446158/r/il/766de3/3695647914/il_794xN.3695647914_g9xj.jpg,https://i.etsystatic.com/17446158/r/il/5d9db6/3743232983/il_794xN.3743232983_tm5r.jpg,https://i.etsystatic.com/17446158/r/il/c01939/3723698873/il_794xN.3723698873_hwrn.jpg",, Jexicase,https://www.etsy.com/shop/Jexicase,"9,184 Sales"
https://www.etsy.com/listing/1763103470/halloween-beetlejuice-phone-case?click_key=7cfa89e82b1a523a2b93ab57caa78a0235d2866b%3A1763103470&click_sum=1fe0ee09&ga_order=most_relevant&ga_search_type=all&ga_view_type=gallery&ga_search_query=phone+cases&ref=search_grid-444509-16-7&sts=1,"Halloween Beetlejuice Phone Case, Beetlejuice Phone Case, Halloween Phone Case, Fall Halloween Phone Case, Spooky Halloween Phone Case",5,5 shop reviews,USD 39.95, PicklePrideShop,"https://i.etsystatic.com/49010233/r/il/404aa8/6192616462/il_794xN.6192616462_orm8.jpg,https://i.etsystatic.com/49010233/r/il/5f203d/6240639469/il_794xN.6240639469_c21o.jpg,https://i.etsystatic.com/49010233/r/il/37dc5e/6192616386/il_794xN.6192616386_h81v.jpg,https://i.etsystatic.com/49010233/r/il/eb8b42/6240639467/il_794xN.6240639467_e5fz.jpg,https://i.etsystatic.com/49010233/r/il/2e17e9/6192616424/il_794xN.6192616424_mznl.jpg,https://i.etsystatic.com/49010233/r/il/f5f516/6192616310/il_794xN.6192616310_bs0n.jpg,https://i.etsystatic.com/49010233/r/il/e432b6/6240639455/il_794xN.6240639455_dwov.jpg","https://v.etsystatic.com/video/upload/ac_none,du_15,q_auto:good/Pickle_Pride_Phone_Case_Mockup_Template_13_xknfwu.mp4", PicklePrideShop,https://www.etsy.com/shop/PicklePrideShop,44 Sales
https://www.etsy.com/listing/1449088276/natural-tones-handmade-shell-cell-phone?click_key=12b8d11ffcb54733969be60d2da4a212f05a8695%3A1449088276&click_sum=c07588b8&ga_order=most_relevant&ga_search_type=all&ga_view_type=gallery&ga_search_query=phone+cases&ref=search_grid-444509-16-8,Natural tones: handmade shell cell phone case / seashell cell phone case / cover case cell phone / ocean unique / iPhone cell phone case,4.5556,95 reviews,USD 69.26, oceanandsandstudio,"https://i.etsystatic.com/42853931/r/il/d7cb22/4825797152/il_794xN.4825797152_jir8.jpg,https://i.etsystatic.com/42853931/r/il/5a3bed/4825800118/il_794xN.4825800118_jgz3.jpg,https://i.etsystatic.com/42853931/r/il/f703a0/4825800140/il_794xN.4825800140_endq.jpg,https://i.etsystatic.com/42853931/r/il/e0983f/4825290814/il_794xN.4825290814_sk8u.jpg,https://i.etsystatic.com/42853931/r/il/7c5404/4873568043/il_794xN.4873568043_agiw.jpg","https://v.etsystatic.com/video/upload/ac_none,du_15,q_auto:good/Muschel_Handyh%C3%BClle_Seashell_iPhone_H%C3%BClle_Handgemachte_Handyh%C3%BClle_Iphone_Cover_Case_Handy_rccipv.mp4", oceanandsandstudio,https://www.etsy.com/shop/oceanandsandstudio,438 Sales
https://www.etsy.com/listing/1628765166/cream-bow-coquette-durable-phone-case?click_key=056d8f1e74434512d6462af87db3f3b835f30fe4%3A1628765166&click_sum=86d1f311&ga_order=most_relevant&ga_search_type=all&ga_view_type=gallery&ga_search_query=phone+cases&ref=search_grid-444510-16-9&content_source=e27737d426f0e4a0c64d68b431c4a6024d0f16e3%253A1628765166,Cream bow coquette durable phone case | suitable for all iPhone models| small gift| | Gifts for her/balletcore/coquette aesthetic,4.8829,513 shop reviews,USD 17.80, CASELLAUK,"https://i.etsystatic.com/23516950/r/il/d2e6f0/5617158228/il_794xN.5617158228_s55a.jpg,https://i.etsystatic.com/23516950/r/il/4c0f44/5665228901/il_794xN.5665228901_ollr.jpg,https://i.etsystatic.com/23516950/r/il/db0160/4954266776/il_794xN.4954266776_pk0f.jpg,https://i.etsystatic.com/23516950/r/il/727731/4954266810/il_794xN.4954266810_9tsw.jpg,https://i.etsystatic.com/23516950/r/il/a39a03/5617157628/il_794xN.5617157628_2sz3.jpg,https://i.etsystatic.com/23516950/r/il/f18b5b/5617157686/il_794xN.5617157686_otk3.jpg,https://i.etsystatic.com/23516950/r/il/653c0d/5617157788/il_794xN.5617157788_j3so.jpg",, CASELLAUK,https://www.etsy.com/shop/CASELLAUK,"2,721 Sales"
https://www.etsy.com/listing/1372511909/strawberry-cake-decoden-phone-case?click_key=81ca88b0c02c3d42bcb0b22e0198163cd99177b4%3A1372511909&click_sum=0ef945a8&ga_order=most_relevant&ga_search_type=all&ga_view_type=gallery&ga_search_query=phone+cases&ref=search_grid-444510-16-10&content_source=f92505f46cab2b1b5961981dece491d5136b88d9%253A1372511909,Strawberry Cake Decoden Phone Case,4.7195,594 reviews,USD 40.71, SASIGALS,,, SASIGALS,https://www.etsy.com/shop/SASIGALS,"2,074 Sales"
https://www.etsy.com/listing/1608917541/wild-and-free-floral-tapestry-embroidery?click_key=425f6537d411a897e7d8b0573bd1dc3d19d5b4b0%3A1608917541&click_sum=d592c420&ga_order=most_relevant&ga_search_type=all&ga_view_type=gallery&ga_search_query=phone+cases&ref=search_grid-444510-16-11&pro=1&sts=1&content_source=4763e734d3b8d2a979a962a8df2abf8b0f30ebc7%253A1608917541,Wild and Free Floral Tapestry Embroidery Look Phone Case | Faux Textured Flower Phone Cover | iPhone | Pixel | Samsung,4.9084,"2,663 reviews",USD 22.00+, AnnieDelavan,"https://i.etsystatic.com/42224102/r/il/ff33fd/6187613478/il_794xN.6187613478_mzro.jpg,https://i.etsystatic.com/42224102/r/il/a32518/6235641063/il_794xN.6235641063_9ckd.jpg,https://i.etsystatic.com/42224102/r/il/281b04/6235641457/il_794xN.6235641457_i5f5.jpg,https://i.etsystatic.com/42224102/r/il/ad1e7a/6187614598/il_794xN.6187614598_mp6a.jpg,https://i.etsystatic.com/42224102/r/il/a2ec2a/6235642691/il_794xN.6235642691_q163.jpg,https://i.etsystatic.com/42224102/r/il/b85380/6235643159/il_794xN.6235643159_munu.jpg,https://i.etsystatic.com/42224102/r/il/79495a/6187616180/il_794xN.6187616180_qoi9.jpg,https://i.etsystatic.com/42224102/r/il/0ab59f/6235643977/il_794xN.6235643977_8bot.jpg,https://i.etsystatic.com/42224102/r/il/035c40/6235644397/il_794xN.6235644397_g1u3.jpg,https://i.etsystatic.com/42224102/r/il/765b49/6187617596/il_794xN.6187617596_o566.jpg",, AnnieDelavan,https://www.etsy.com/shop/AnnieDelavan,"7,907 Sales"
https://www.etsy.com/listing/1494546678/spiritual-aura-phone-case-harmony-cover?click_key=cafdb23aaf68afb6b04244c76dae15656940ab7a%3A1494546678&click_sum=da76cc93&ga_order=most_relevant&ga_search_type=all&ga_view_type=gallery&ga_search_query=phone+cases&ref=search_grid-444510-16-12&pro=1&content_source=09c87dc0ef81d77a9207ac5e1d6a3f912be0cb27%253A1494546678,"Spiritual Aura Phone Case Harmony Cover fits for Pixel 9 8 Pro 7A iPhone 15 14 13 12 11 Pro Plus X XS XR, Samsung A15 14 S22 S21 S20 A54 A53",4.704,367 reviews,USD 17.11, DollaPanda,"https://i.etsystatic.com/30186809/r/il/01f0b5/5023360164/il_794xN.5023360164_d6um.jpg,https://i.etsystatic.com/30186809/r/il/429946/5023360344/il_794xN.5023360344_2dey.jpg,https://i.etsystatic.com/30186809/r/il/8d54a9/5071591883/il_794xN.5071591883_3vje.jpg,https://i.etsystatic.com/30186809/r/il/5eac45/5023360348/il_794xN.5023360348_f51p.jpg,https://i.etsystatic.com/30186809/r/il/8a5ca1/5071591891/il_794xN.5071591891_r1ne.jpg,https://i.etsystatic.com/30186809/r/il/513c84/5071591893/il_794xN.5071591893_3hq3.jpg,https://i.etsystatic.com/30186809/r/il/7b8537/5023360462/il_794xN.5023360462_s86c.jpg,https://i.etsystatic.com/30186809/r/il/f40c02/5071592013/il_794xN.5071592013_9rja.jpg,https://i.etsystatic.com/30186809/r/il/4be466/5023360472/il_794xN.5023360472_auzc.jpg","https://v.etsystatic.com/video/upload/s--KVhQBThS--/ac_none,c_crop,du_15,h_720,q_auto:good,w_720,x_282,y_0/iphone_x_case_animated_mockup_yxqdlr", DollaPanda,https://www.etsy.com/shop/DollaPanda,"1,424 Sales"
https://www.etsy.com/listing/1695988643/custom-pet-phone-case-using-pet-photo?click_key=fc97b72d485fdbfab1870a74f6c5d134b3ec41c2%3A1695988643&click_sum=46aac53a&ga_order=most_relevant&ga_search_type=all&ga_view_type=gallery&ga_search_query=phone+cases&ref=search_grid-444510-16-13&pro=1&sts=1&content_source=4a6c2c21fb3a2d2a94a8a8f293383225291103c4%253A1695988643,Custom Pet Phone Case Using Pet Photo + Name Custom Dog Phone Case Custom Cat Phone Case Personalized Phone Case Drawing Dog Memorial Gift,4.8547,"42,176 reviews",USD 19.19+, ModPawsUS,"https://i.etsystatic.com/25168585/r/il/63ab4d/5888507957/il_794xN.5888507957_dz4v.jpg,https://i.etsystatic.com/25168585/r/il/743dd3/5888480669/il_794xN.5888480669_c5fi.jpg,https://i.etsystatic.com/25168585/r/il/993142/5888480673/il_794xN.5888480673_j7ow.jpg,https://i.etsystatic.com/25168585/r/il/5e36cd/5840383980/il_794xN.5840383980_ankl.jpg,https://i.etsystatic.com/25168585/r/il/84a525/5888480701/il_794xN.5888480701_k29o.jpg,https://i.etsystatic.com/25168585/r/il/dd9c33/5888480667/il_794xN.5888480667_jizh.jpg,https://i.etsystatic.com/25168585/r/il/e9b850/5840383950/il_794xN.5840383950_2ckg.jpg,https://i.etsystatic.com/25168585/r/il/6aa5bd/5840383984/il_794xN.5840383984_cjux.jpg,https://i.etsystatic.com/25168585/r/il/c27088/5888480697/il_794xN.5888480697_n86v.jpg,https://i.etsystatic.com/25168585/r/il/1581c0/5840383948/il_794xN.5840383948_4mb3.jpg",, ModPawsUS,https://www.etsy.com/shop/ModPawsUS,"174,152 Sales"
https://www.etsy.com/listing/1597188749/aesthetic-naked-people-phone-case-breast?click_key=c8a6a24928b13aab3f487b1d5eac2c7225661dc4%3A1597188749&click_sum=29441f3b&ga_order=most_relevant&ga_search_type=all&ga_view_type=gallery&ga_search_query=phone+cases&ref=search_grid-444510-16-14&pro=1&cns=1&content_source=37fd55b363f73cd46cd105755c1f43de5186d222%253A1597188749,"Aesthetic Naked People Phone Case Breast Cover for iPhone 15, 14, 13, 12, 11, X, 8, Samsung S24, S23, S22, A73, A53, Huawei, Pixel 9, 8, 7",4.7778,27 shop reviews,USD 17.33, LucidVisio,"https://i.etsystatic.com/47560427/r/il/7d6e28/5973090169/il_794xN.5973090169_aw6k.jpg,https://i.etsystatic.com/47560427/r/il/8634cb/5925006462/il_794xN.5925006462_vktt.jpg,https://i.etsystatic.com/47560427/r/il/0fecb2/5925006466/il_794xN.5925006466_f10k.jpg,https://i.etsystatic.com/47560427/r/il/fcc629/5925006464/il_794xN.5925006464_97zm.jpg,https://i.etsystatic.com/47560427/r/il/ab1cfc/5973090177/il_794xN.5973090177_lfn8.jpg,https://i.etsystatic.com/47560427/r/il/ee5040/5973090189/il_794xN.5973090189_fx7w.jpg,https://i.etsystatic.com/47560427/r/il/2d22a1/5973090197/il_794xN.5973090197_26re.jpg,https://i.etsystatic.com/47560427/r/il/a52362/5925006490/il_794xN.5925006490_phkd.jpg,https://i.etsystatic.com/47560427/r/il/f1706f/5973090201/il_794xN.5973090201_jg8p.jpg",, LucidVisio,https://www.etsy.com/shop/LucidVisio,125 Sales
https://www.etsy.com/listing/1671690032/phone-case-mockup-bundle-iphone-case?click_key=a78b1ebc8543a5f82de23933a4c3706d49d32434%3A1671690032&click_sum=5904fa2e&ga_order=most_relevant&ga_search_type=all&ga_view_type=gallery&ga_search_query=phone+cases&ref=search_grid-444510-16-15&pro=1&sts=1&dd=1&content_source=4ff4ffa953afe67be66834429707733e29891036%253A1671690032,"Phone Case Mockup Bundle, iPhone Case Mockup Bundle, iPhone Mockup Bundle, Full Shop Phone Case Mockup Collection",4.9356,"1,000 reviews",USD 28.35, EmpaviMockups,"https://i.etsystatic.com/44229703/r/il/28f21f/5981179726/il_794xN.5981179726_8smj.jpg,https://i.etsystatic.com/44229703/r/il/c39d1c/6140142671/il_794xN.6140142671_3g08.jpg,https://i.etsystatic.com/44229703/r/il/73b1d7/6092065382/il_794xN.6092065382_qvdh.jpg,https://i.etsystatic.com/44229703/r/il/601485/6092065386/il_794xN.6092065386_kljd.jpg,https://i.etsystatic.com/44229703/r/il/9935f9/6092065384/il_794xN.6092065384_433u.jpg,https://i.etsystatic.com/44229703/r/il/441163/6140142677/il_794xN.6140142677_8bhe.jpg,https://i.etsystatic.com/44229703/r/il/3d7a33/6140142675/il_794xN.6140142675_1kl0.jpg,https://i.etsystatic.com/44229703/r/il/48259b/6092065432/il_794xN.6092065432_5iwk.jpg,https://i.etsystatic.com/44229703/r/il/ec585c/6140142707/il_794xN.6140142707_kov4.jpg,https://i.etsystatic.com/44229703/r/il/d2c242/5843317879/il_794xN.5843317879_q8pv.jpg",, EmpaviMockups,https://www.etsy.com/shop/EmpaviMockups,"4,729 Sales"
https://www.etsy.com/listing/1717464386/capybara-phone-case-swimming-cover-for?click_key=cba59217ec6926637660f16a0ec73e003f42c664%3A1717464386&click_sum=654ef31d&ga_order=most_relevant&ga_search_type=all&ga_view_type=gallery&ga_search_query=phone+cases&ref=search_grid-444510-16-16&pro=1&content_source=710659806ab2982cb615109414be7901f6e13925%253A1717464386,"Capybara Phone Case Swimming Cover for iPhone 15Pro, 14, 13, 12, 11, Google Pixel 8, , 6A, Samsung Galaxy S24 Ultra, S23fe, A05, A55, A35",4.6462,289 shop reviews,USD 17.76, DainidaCase,"https://i.etsystatic.com/32586276/r/il/9ed125/6039368545/il_794xN.6039368545_n1m9.jpg,https://i.etsystatic.com/32586276/r/il/51d52d/5991300156/il_794xN.5991300156_rc7k.jpg,https://i.etsystatic.com/32586276/r/il/5b601b/5991300210/il_794xN.5991300210_iluf.jpg,https://i.etsystatic.com/32586276/r/il/1d96b6/6039367955/il_794xN.6039367955_qac1.jpg,https://i.etsystatic.com/32586276/r/il/c69b26/6039368005/il_794xN.6039368005_a9wt.jpg,https://i.etsystatic.com/32586276/r/il/22c547/5991300368/il_794xN.5991300368_91vh.jpg,https://i.etsystatic.com/32586276/r/il/30eb1a/6039368051/il_794xN.6039368051_21ue.jpg,https://i.etsystatic.com/32586276/r/il/b2eb17/6039368149/il_794xN.6039368149_1f7r.jpg,https://i.etsystatic.com/32586276/r/il/19fa34/5991300640/il_794xN.5991300640_dcg8.jpg,https://i.etsystatic.com/32586276/r/il/cda703/6039368455/il_794xN.6039368455_a330.jpg",, DainidaCase,https://www.etsy.com/shop/DainidaCase,"1,194 Sales"
https://www.etsy.com/listing/1719218428/flower-phone-case-iphone-15-14-13-12-11?click_key=6fe763f71a8ea4ee6e56100761ef29d90b5d6976%3A1719218428&click_sum=d8651721&ga_order=most_relevant&ga_search_type=all&ga_view_type=gallery&ga_search_query=phone+cases&ref=search_grid-444509-16-9&pop=1,"Flower Phone Case iPhone 15 14 13 12 11 pro max X XR 8 SE,Galaxy S22 S23 S24 Ultra, Pixel 6 7 8 Waxflower & Celestial Quartz Stained Glass",5,2 shop reviews,USD 35.26, GaiaSoulCrafts,"https://i.etsystatic.com/46412903/r/il/2ccb2a/5998979546/il_794xN.5998979546_40al.jpg,https://i.etsystatic.com/46412903/r/il/e1c97e/6047054357/il_794xN.6047054357_30qq.jpg,https://i.etsystatic.com/46412903/r/il/fe9790/6047054595/il_794xN.6047054595_fp7o.jpg,https://i.etsystatic.com/46412903/r/il/9aac30/6047054783/il_794xN.6047054783_7fbr.jpg,https://i.etsystatic.com/46412903/r/il/e2fa38/5998980430/il_794xN.5998980430_nrll.jpg,https://i.etsystatic.com/46412903/r/il/86ce49/5998980580/il_794xN.5998980580_h68l.jpg,https://i.etsystatic.com/46412903/r/il/bd81bc/5998980722/il_794xN.5998980722_gfsk.jpg,https://i.etsystatic.com/46412903/r/il/e83fe3/5998980960/il_794xN.5998980960_eta2.jpg,https://i.etsystatic.com/46412903/r/il/b60eea/6047055783/il_794xN.6047055783_d1eb.jpg,https://i.etsystatic.com/46412903/r/il/b31de7/6047055979/il_794xN.6047055979_gcd6.jpg",, GaiaSoulCrafts,https://www.etsy.com/shop/GaiaSoulCrafts,11 Sales
https://www.etsy.com/listing/1750419206/gold-fairy-garden-phone-case-enchanting?click_key=a084165261a0ec39033bf99f43643362cca783bf%3A1750419206&click_sum=b2e49cc9&ga_order=most_relevant&ga_search_type=all&ga_view_type=gallery&ga_search_query=phone+cases&ref=search_grid-444509-16-10&sts=1,"Gold Fairy Garden Phone Case, Enchanting Garden with Opal Flowers and Metallic Accents, Elegant Protective Case for iPhone or Android",4.9778,45 shop reviews,USD 27.00, ShiftMarketplace,"https://i.etsystatic.com/48322132/r/il/68d133/6264599523/il_794xN.6264599523_3uzw.jpg,https://i.etsystatic.com/48322132/r/il/bb0dfa/6264601127/il_794xN.6264601127_9iqd.jpg,https://i.etsystatic.com/48322132/r/il/4a46b1/6216565970/il_794xN.6216565970_927j.jpg,https://i.etsystatic.com/48322132/r/il/e70ea6/6264604229/il_794xN.6264604229_nzyk.jpg,https://i.etsystatic.com/48322132/r/il/99b5fd/6264605371/il_794xN.6264605371_f4ca.jpg,https://i.etsystatic.com/48322132/r/il/66f077/6264606221/il_794xN.6264606221_2rqu.jpg,https://i.etsystatic.com/48322132/r/il/d4f539/6216570234/il_794xN.6216570234_edip.jpg,https://i.etsystatic.com/48322132/r/il/44a56d/6264607557/il_794xN.6264607557_9x9v.jpg,https://i.etsystatic.com/48322132/r/il/9552a5/6264607989/il_794xN.6264607989_ltem.jpg,https://i.etsystatic.com/48322132/r/il/225dd2/6264608971/il_794xN.6264608971_har3.jpg","https://v.etsystatic.com/video/upload/ac_none,du_15,q_auto:good/USD%7Cen-US%7CUS_78634cfd1ef8ba9de47513d7533a1e41.mp4", ShiftMarketplace,https://www.etsy.com/shop/ShiftMarketplace,263 Sales
https://www.etsy.com/listing/1737040576/playboi-carti-magsafe-phone-case?click_key=9a574e66f2c3114978ea06af7552bb7c05c29ff1%3A1737040576&click_sum=ffb4c84c&ga_order=most_relevant&ga_search_type=all&ga_view_type=gallery&ga_search_query=phone+cases&ref=search_grid-444509-16-11,Playboi Carti MagSafe Phone Case,5,2 shop reviews,USD 34.93, HoboshopDesigns,"https://i.etsystatic.com/52461312/r/il/efa364/6076818800/il_794xN.6076818800_2qa3.jpg,https://i.etsystatic.com/52461312/r/il/862883/6124882719/il_794xN.6124882719_g88o.jpg,https://i.etsystatic.com/52461312/r/il/359a03/6124878467/il_794xN.6124878467_jt70.jpg,https://i.etsystatic.com/52461312/r/il/1653ef/6124879603/il_794xN.6124879603_1dwn.jpg,https://i.etsystatic.com/52461312/r/il/c0ec3b/6076828104/il_794xN.6076828104_seu7.jpg,https://i.etsystatic.com/52461312/r/il/c91a24/6124883769/il_794xN.6124883769_ls3k.jpg,https://i.etsystatic.com/52461312/r/il/586baa/6076822262/il_794xN.6076822262_akhw.jpg,https://i.etsystatic.com/52461312/r/il/e3296f/6076823576/il_794xN.6076823576_fp8d.jpg,https://i.etsystatic.com/52461312/r/il/12fdb5/6076824956/il_794xN.6076824956_72rv.jpg,https://i.etsystatic.com/52461312/r/il/7d986d/6076827096/il_794xN.6076827096_2mjk.jpg",, HoboshopDesigns,https://www.etsy.com/shop/HoboshopDesigns,15 Sales
https://www.etsy.com/listing/1523083218/rusted-mechanisms-phone-case-steampunk?click_key=50982026f80114f99deed804e743a65fde794c68%3A1523083218&click_sum=2e5314ff&ga_order=most_relevant&ga_search_type=all&ga_view_type=gallery&ga_search_query=phone+cases&ref=search_grid-444509-16-12,"Rusted Mechanisms Phone Case â€“ Steampunk Metal Gear Design for iPhone, Samsung Galaxy, and Google Pixel Devices",4.6465,123 reviews,USD 22.85+, TalevinsDesigns,"https://i.etsystatic.com/43121740/r/il/2ddd70/6046905746/il_794xN.6046905746_c5zd.jpg,https://i.etsystatic.com/43121740/r/il/bf30fb/6117021987/il_794xN.6117021987_p5sr.jpg,https://i.etsystatic.com/43121740/r/il/e5cc8d/6073676552/il_794xN.6073676552_32e6.jpg,https://i.etsystatic.com/43121740/r/il/bbc4ff/6073678922/il_794xN.6073678922_rjpw.jpg,https://i.etsystatic.com/43121740/r/il/e80a04/6117028683/il_794xN.6117028683_cyc6.jpg,https://i.etsystatic.com/43121740/r/il/bba1d6/6125073993/il_794xN.6125073993_e3z8.jpg,https://i.etsystatic.com/43121740/r/il/afbf2a/5153378332/il_794xN.5153378332_ofs5.jpg,https://i.etsystatic.com/43121740/r/il/56a18a/5395489203/il_794xN.5395489203_f9ah.jpg,https://i.etsystatic.com/43121740/r/il/686fa9/5153448944/il_794xN.5153448944_2vud.jpg,https://i.etsystatic.com/43121740/r/il/75ff26/5153448928/il_794xN.5153448928_annu.jpg",, TalevinsDesigns,https://www.etsy.com/shop/TalevinsDesigns,437 Sales
https://www.etsy.com/listing/1186517684/hand-drawn-sketch-pet-phone-case-pet?click_key=51db1397f6ec7838e05b4ff65eb9cd7cc65ac8a0%3A1186517684&click_sum=bed1178e&ga_order=most_relevant&ga_search_type=all&ga_view_type=gallery&ga_search_query=phone+cases&ref=search_grid-444510-16-17&frs=1&sts=1&content_source=a594519d86a289444d97351b5a02c9100b73452d%253A1186517684,Hand-drawn Sketch Pet Phone Case | Pet Portrait Case | | Dog/ Cat memorial gift | Gifts for Dog Lovers & Pet Loss | iPhone + Samsung cases,4.8573,"3,023 reviews",USD 13.71+, CMZARTS,"https://i.etsystatic.com/15805810/r/il/d297a8/4103232730/il_794xN.4103232730_t340.jpg,https://i.etsystatic.com/15805810/r/il/e2c9a9/4150886139/il_794xN.4150886139_jtxy.jpg,https://i.etsystatic.com/15805810/r/il/b93be0/3752317256/il_794xN.3752317256_kn6z.jpg,https://i.etsystatic.com/15805810/r/il/47f8b6/3799910147/il_794xN.3799910147_szkh.jpg,https://i.etsystatic.com/15805810/r/il/805a56/6141573632/il_794xN.6141573632_iqsb.jpg,https://i.etsystatic.com/15805810/r/il/877ad1/6189671985/il_794xN.6189671985_tq57.jpg,https://i.etsystatic.com/15805810/r/il/620f93/6141573264/il_794xN.6141573264_g1ju.jpg,https://i.etsystatic.com/15805810/r/il/9a9b8d/6141573278/il_794xN.6141573278_mt7c.jpg,https://i.etsystatic.com/15805810/r/il/231fc0/6141597018/il_794xN.6141597018_3x8y.jpg,https://i.etsystatic.com/15805810/r/il/c80108/6141589686/il_794xN.6141589686_rbne.jpg","https://v.etsystatic.com/video/upload/ac_none,du_15,q_auto:good/video_pet_sketch_u9ycqw.mp4", CMZARTS,https://www.etsy.com/shop/CMZARTS,"11,727 Sales"
https://www.etsy.com/listing/1341630879/gold-roses-baroque-style-decoden-phone?click_key=347a4956a4df2966d747c4d2600ebff2e3599a60%3A1341630879&click_sum=2d126ff9&ga_order=most_relevant&ga_search_type=all&ga_view_type=gallery&ga_search_query=phone+cases&ref=search_grid-444510-16-18&pro=1&frs=1&etp=1&sts=1&content_source=80b1a9410e484e448916233a62d5819c57898884%253A1341630879,"Gold Roses Baroque Style Decoden Phone Case for All Brand, Angel Aesthetic Cream Phone Case, Handmade Phone case iPhone 14, Samsung, Android",4.8676,988 reviews,USD 36.65, CreamieCase,,, CreamieCase,https://www.etsy.com/shop/CreamieCase,"2,915 Sales"
https://www.etsy.com/listing/1524937049/personalized-three-dimensional-spider?click_key=9e930c25bdf07efc895535df50ca3131a3038d7c%3A1524937049&click_sum=5a58b4e0&ga_order=most_relevant&ga_search_type=all&ga_view_type=gallery&ga_search_query=phone+cases&ref=search_grid-444510-16-19&pro=1&frs=1&content_source=57bad27d3f74f3c9f1b046e2f571f71c16f3b6ab%253A1524937049,Personalized three-dimensional spider original spoof scary animal phone case iPhone15 14 13 12 11 Pro Max Case iPhone XS Max Case,4.25,159 reviews,USD 25.05, Fromevery,"https://i.etsystatic.com/39436591/c/1096/871/0/79/il/6c2f4b/5144780061/il_794xN.5144780061_b8af.jpg,https://i.etsystatic.com/39436591/r/il/2586df/5096558386/il_794xN.5096558386_bkei.jpg,https://i.etsystatic.com/39436591/r/il/7f2d15/5096558364/il_794xN.5096558364_qgly.jpg,https://i.etsystatic.com/39436591/r/il/fca0a2/5144779529/il_794xN.5144779529_2t3x.jpg,https://i.etsystatic.com/39436591/r/il/51d27c/5096558358/il_794xN.5096558358_r2n8.jpg",, Fromevery,https://www.etsy.com/shop/Fromevery,"1,092 Sales"
https://www.etsy.com/listing/262344372/cookies-phone-case-decoden-phone-case?click_key=eb9257290b4ac8a4f68b208d85383f211ef5a16e%3A262344372&click_sum=47e30dc5&ga_order=most_relevant&ga_search_type=all&ga_view_type=gallery&ga_search_query=phone+cases&ref=search_grid-444510-16-20&frs=1&etp=1&content_source=317e767bcf5b5d3674cca1451ee4218cd505fa57%253A262344372,"COOKIES phone CASE, DECODEN phone case, Custom phone case, 3D chocolate phone case, deco case, custom phone case, deco phone case",4.6364,133 reviews,USD 60.13+, TheQueensPassion,"https://i.etsystatic.com/10436003/r/il/7623c3/1754030160/il_794xN.1754030160_thbp.jpg,https://i.etsystatic.com/10436003/r/il/3f4eaf/2175724071/il_794xN.2175724071_qz7m.jpg,https://i.etsystatic.com/10436003/r/il/0d6cd1/1921903087/il_794xN.1921903087_ppfa.jpg,https://i.etsystatic.com/10436003/r/il/2a51e0/1504338576/il_794xN.1504338576_bw7k.jpg,https://i.etsystatic.com/10436003/r/il/daa974/1760573447/il_794xN.1760573447_313o.jpg,https://i.etsystatic.com/10436003/r/il/ac20dd/1550222685/il_794xN.1550222685_cq28.jpg,https://i.etsystatic.com/10436003/r/il/ca6a08/1502755058/il_794xN.1502755058_f279.jpg,https://i.etsystatic.com/10436003/r/il/01eb72/1314776550/il_794xN.1314776550_uo8n.jpg,https://i.etsystatic.com/10436003/r/il/d0d321/995670216/il_794xN.995670216_sj55.jpg,https://i.etsystatic.com/10436003/r/il/0ca6f3/4982791486/il_794xN.4982791486_3bql.jpg",, TheQueensPassion,https://www.etsy.com/shop/TheQueensPassion,685 Sales
https://www.etsy.com/listing/1140663558/pink-personalized-phone-case-custom-name?click_key=04c1cc33b560a8b7a1f8e90dd66ef37285b6c9fd%3A1140663558&click_sum=0445f1ca&ga_order=most_relevant&ga_search_type=all&ga_view_type=gallery&ga_search_query=phone+cases&ref=search_grid-444510-16-21&etp=1&sts=1&content_source=cd65be790719858fddb73fcb0daf9c89d03f18af%253A1140663558,"Pink Personalized Phone Case, Custom Name iPhone 13 Case, Customized iPhone 12 Case, Monogram iPhone 11 Case, iPhone XS, XR, X Case",4.7245,"1,425 reviews",USD 29.19+, NeonLime,"https://i.etsystatic.com/24335534/r/il/00bbc9/3625755547/il_794xN.3625755547_5xht.jpg,https://i.etsystatic.com/24335534/r/il/351f11/5814562622/il_794xN.5814562622_fzkd.jpg,https://i.etsystatic.com/24335534/r/il/1de711/5685768464/il_794xN.5685768464_gaey.jpg,https://i.etsystatic.com/24335534/r/il/4e7646/4015768031/il_794xN.4015768031_7qdy.jpg,https://i.etsystatic.com/24335534/r/il/bcc258/4015768033/il_794xN.4015768033_8dln.jpg,https://i.etsystatic.com/24335534/r/il/befb1b/3968107736/il_794xN.3968107736_sa0k.jpg,https://i.etsystatic.com/24335534/r/il/99ab05/3968107734/il_794xN.3968107734_r3bf.jpg,https://i.etsystatic.com/24335534/r/il/be93ae/4015768035/il_794xN.4015768035_3gm9.jpg,https://i.etsystatic.com/24335534/r/il/2795ed/3968107732/il_794xN.3968107732_56z0.jpg,https://i.etsystatic.com/24335534/r/il/054f49/4705875510/il_794xN.4705875510_paox.jpg",, NeonLime,https://www.etsy.com/shop/NeonLime,"4,914 Sales"
https://www.etsy.com/listing/1571341433/two-custom-couple-phone-case-custom-name?click_key=3e0424209d82367c96829ad6efb013845bef5b3e%3A1571341433&click_sum=de86a293&ga_order=most_relevant&ga_search_type=all&ga_view_type=gallery&ga_search_query=phone+cases&ref=search_grid-444510-16-22&sts=1&content_source=fd23ed1bea5a9061bb1c8b4d8d4169d439286a75%253A1571341433,Two Custom Couple Phone Case Custom Name Phone Case Set Personalized Name Phonecases Matching Phone Case Customized Phonecase Custom Gift,4.9583,254 shop reviews,USD 48.00, Circle6Lab,"https://i.etsystatic.com/43387025/r/il/0d7893/5361918877/il_794xN.5361918877_r1xt.jpg,https://i.etsystatic.com/43387025/r/il/8fe6c2/5313745560/il_794xN.5313745560_q0e1.jpg,https://i.etsystatic.com/43387025/r/il/a022fd/5361918875/il_794xN.5361918875_7oia.jpg,https://i.etsystatic.com/43387025/r/il/7c0414/5313748672/il_794xN.5313748672_e4rl.jpg,https://i.etsystatic.com/43387025/r/il/7ec96e/5313753994/il_794xN.5313753994_19lz.jpg,https://i.etsystatic.com/43387025/r/il/9f5f83/5361931407/il_794xN.5361931407_mxg5.jpg,https://i.etsystatic.com/43387025/r/il/358208/5361929793/il_794xN.5361929793_64u8.jpg",, Circle6Lab,https://www.etsy.com/shop/Circle6Lab,880 Sales
https://www.etsy.com/listing/641981815/pressed-flower-dried-fruit-collage-phone?click_key=3f01ce04fffc51d8f91e73614f197cf0d6cbccb8%3A641981815&click_sum=55414561&ga_order=most_relevant&ga_search_type=all&ga_view_type=gallery&ga_search_query=phone+cases&ref=search_grid-444510-16-23&pro=1&etp=1&sts=1&content_source=6fa9f96d3b8cc9ac0b6f6132cd7146a0044433bd%253A641981815,"Pressed flower dried fruit collage phone case, iphone 15 14 13 12 11 pro max se x xr xs 7 8 plus case, samsung galaxy s24 s23 s22 s21 case",4.9421,"7,094 reviews",USD 19.99+, SunnyPigStudio,"https://i.etsystatic.com/13948797/r/il/aad13b/2431010957/il_794xN.2431010957_exsh.jpg,https://i.etsystatic.com/13948797/r/il/293e69/2431007141/il_794xN.2431007141_10e1.jpg,https://i.etsystatic.com/13948797/r/il/a187a3/2431017975/il_794xN.2431017975_psod.jpg,https://i.etsystatic.com/13948797/r/il/4d7587/5408848683/il_794xN.5408848683_l35x.jpg",, SunnyPigStudio,https://www.etsy.com/shop/SunnyPigStudio,"28,639 Sales"
https://www.etsy.com/listing/1521981289/van-gogh-starry-night-embroidered-look?click_key=a29c58957e47794a010b20e3a47ec54983efe799%3A1521981289&click_sum=b1ece8d7&ga_order=most_relevant&ga_search_type=all&ga_view_type=gallery&ga_search_query=phone+cases&ref=search_grid-444510-16-24&pro=1&sts=1&content_source=9f488ce0f2ad391a739a954c428a33fe22bbbc9b%253A1521981289,Van Gogh Starry Night Embroidered Look Phone Case | Celestial Night Sky Dark Blue Phone Cover | iPhone | Pixel | Samsung,4.9084,"2,663 reviews",USD 22.00+, AnnieDelavan,"https://i.etsystatic.com/42224102/r/il/adbab5/6189942604/il_794xN.6189942604_4n9b.jpg,https://i.etsystatic.com/42224102/r/il/aca6c0/6237969349/il_794xN.6237969349_cjci.jpg,https://i.etsystatic.com/42224102/r/il/2a2e62/6237969611/il_794xN.6237969611_qn2f.jpg,https://i.etsystatic.com/42224102/r/il/1cc451/6237969759/il_794xN.6237969759_8d51.jpg,https://i.etsystatic.com/42224102/r/il/74cd8b/6189943284/il_794xN.6189943284_deby.jpg,https://i.etsystatic.com/42224102/r/il/fabfcf/6237970081/il_794xN.6237970081_m79p.jpg,https://i.etsystatic.com/42224102/r/il/227606/6237970215/il_794xN.6237970215_9448.jpg,https://i.etsystatic.com/42224102/r/il/a77c2f/6189943716/il_794xN.6189943716_g1ou.jpg,https://i.etsystatic.com/42224102/r/il/f07317/6237970519/il_794xN.6237970519_sf5n.jpg,https://i.etsystatic.com/42224102/r/il/e246c3/6189944028/il_794xN.6189944028_4x77.jpg",, AnnieDelavan,https://www.etsy.com/shop/AnnieDelavan,"7,907 Sales"
https://www.etsy.com/listing/1679183803/custom-swarovski-bedazzled-crystal-bling?click_key=4fe0aba0e67415aacbd149c439aa34532423dfeb%3A1679183803&click_sum=c102fb8f&ga_order=most_relevant&ga_search_type=all&ga_view_type=gallery&ga_search_query=phone+cases&ref=search_grid-444509-16-13&sts=1,"Custom Swarovski Bedazzled Crystal Bling Phone Case for iPhone, Samsung Galaxy,  Google Pixel Devices",4.8974,233 shop reviews,USD 125.00+, BlingxAddict,"https://i.etsystatic.com/28825462/r/il/954957/5965714256/il_794xN.5965714256_eojw.jpg,https://i.etsystatic.com/28825462/r/il/006755/6187516591/il_794xN.6187516591_g6jf.jpg,https://i.etsystatic.com/28825462/r/il/a88ff7/5814350561/il_794xN.5814350561_eep3.jpg,https://i.etsystatic.com/28825462/r/il/402123/6102150022/il_794xN.6102150022_3917.jpg,https://i.etsystatic.com/28825462/c/2591/2058/0/447/il/fb32b6/5812926857/il_794xN.5812926857_nxmk.jpg,https://i.etsystatic.com/28825462/r/il/645b35/6013795247/il_794xN.6013795247_70x7.jpg","https://v.etsystatic.com/video/upload/ac_none,du_15,q_auto:good/file_ayovsg.mp4", BlingxAddict,https://www.etsy.com/shop/BlingxAddict,499 Sales
https://www.etsy.com/listing/1726755053/phone-case-mockup-woman-holding-phone?click_key=9b241c6cb6bfeb988d67c21f7c798bc9af8cb383%3A1726755053&click_sum=4ed88eef&ga_order=most_relevant&ga_search_type=all&ga_view_type=gallery&ga_search_query=phone+cases&ref=search_grid-444509-16-14&dd=1,"Phone Case Mockup, Woman Holding Phone Mockup, PNG Overlay, Phone Case Template Tough Case Mockup, Stock Photo MockUp, Nature Mockup",4.7778,99 shop reviews,USD 2.00, MockStarCandy,"https://i.etsystatic.com/24553002/r/il/c17b30/5970741638/il_794xN.5970741638_by0u.jpg,https://i.etsystatic.com/24553002/r/il/94d719/5970741662/il_794xN.5970741662_354s.jpg,https://i.etsystatic.com/24553002/r/il/0db9d3/6018821461/il_794xN.6018821461_dfz5.jpg,https://i.etsystatic.com/24553002/r/il/7336a5/5970741716/il_794xN.5970741716_t6q7.jpg","https://v.etsystatic.com/video/upload/ac_none,du_15,q_auto:good/VIDEO_-_iPhone_Mock_Up_Listing_Image_-_esc6ao.mp4", MockStarCandy,https://www.etsy.com/shop/MockStarCandy,316 Sales
https://www.etsy.com/listing/1712847076/classic-monsters-phone-case-horror-lover?click_key=b855a34123d9558dc4669fefab0f685d0d88ff93%3A1712847076&click_sum=8ed18768&ga_order=most_relevant&ga_search_type=all&ga_view_type=gallery&ga_search_query=phone+cases&ref=search_grid-444509-16-15&pro=1&sts=1,"Classic Monsters Phone Case, Horror Lover, Goth, Rockabilly, Alt, Occult Classics, iPhone, Samsung Galaxy, Google Pixel, Phone Cover, Gift",4.94,459 reviews,USD 24.49, FinniePink,"https://i.etsystatic.com/9040424/r/il/30f501/6020009917/il_794xN.6020009917_qnvy.jpg,https://i.etsystatic.com/9040424/r/il/22b15e/5972501244/il_794xN.5972501244_jkap.jpg",, FinniePink,https://www.etsy.com/shop/FinniePink,"1,395 Sales"
https://www.etsy.com/listing/1755525514/build-your-shaker-phone-case-hand-drawn?click_key=6be7ad3e7b3b749a5be422fd712e0ccf344217d2%3A1755525514&click_sum=984874b1&ga_order=most_relevant&ga_search_type=all&ga_view_type=gallery&ga_search_query=phone+cases&ref=search_grid-444509-16-16&pro=1,"Build Your Shaker Phone Case - Hand Drawn | Personalized Phone Case -  Photo Illustration, Phone Case with Custom Shaking Charms Inside.",0,0 shop reviews,USD 14.99+, Shakercase,"https://i.etsystatic.com/39298418/r/il/d610da/6300994667/il_794xN.6300994667_6d9v.jpg,https://i.etsystatic.com/39298418/r/il/9c8b85/6300825451/il_794xN.6300825451_1t0y.jpg,https://i.etsystatic.com/39298418/r/il/19b20c/6157654852/il_794xN.6157654852_s6n5.jpg,https://i.etsystatic.com/39298418/r/il/1f32e2/6300815953/il_794xN.6300815953_tjzg.jpg,https://i.etsystatic.com/39298418/r/il/a52b82/6307229881/il_794xN.6307229881_sf0n.jpg,https://i.etsystatic.com/39298418/r/il/0fa7b3/6300378351/il_794xN.6300378351_4wgl.jpg,https://i.etsystatic.com/39298418/r/il/9f5a63/6300378363/il_794xN.6300378363_rq7u.jpg,https://i.etsystatic.com/39298418/r/il/05c6cc/6252401678/il_794xN.6252401678_4uoq.jpg","https://v.etsystatic.com/video/upload/ac_none,du_15,q_auto:good/Etsy_Main_Video_xn35ea.mp4", Shakercase,https://www.etsy.com/shop/Shakercase,14 Sales
https://www.etsy.com/listing/1605023392/astrological-zodiac-sign-magsafe-phone?click_key=4ad6eb08e1b765284bbdedffce7e5d7458c8084d%3A1605023392&click_sum=3dae4d88&ga_order=most_relevant&ga_search_type=all&ga_view_type=gallery&ga_search_query=phone+cases&ref=search_grid-444510-16-25&pro=1&sts=1&content_source=ab1c58a1a9b24a8759ffed60b3ffb26f0327a1d9%253A1605023392,Astrological Zodiac Sign MagSafe Phone Case | Gemini Scorpio Horoscope Phone Cover | Aries Leo Birth Year Gift | iPhone 15 14 | Samsung S23,4.9429,350 reviews,USD 14.99+, 3CircleConcept,"https://i.etsystatic.com/48041389/r/il/1209cf/5587158281/il_794xN.5587158281_i3bo.jpg,https://i.etsystatic.com/48041389/r/il/0a45dd/5587158603/il_794xN.5587158603_7b8g.jpg,https://i.etsystatic.com/48041389/r/il/38863b/5539040192/il_794xN.5539040192_lagm.jpg,https://i.etsystatic.com/48041389/r/il/9fa7e5/5539040202/il_794xN.5539040202_ak4c.jpg,https://i.etsystatic.com/48041389/r/il/3cf437/5539040234/il_794xN.5539040234_68b1.jpg,https://i.etsystatic.com/48041389/r/il/0fc974/5539040132/il_794xN.5539040132_bl8m.jpg,https://i.etsystatic.com/48041389/r/il/1fe29a/5587158405/il_794xN.5587158405_504b.jpg,https://i.etsystatic.com/48041389/r/il/5cd71c/5484752092/il_794xN.5484752092_6fc2.jpg,https://i.etsystatic.com/48041389/r/il/ae6fb9/5484295862/il_794xN.5484295862_6py8.jpg,https://i.etsystatic.com/48041389/r/il/f2fdb0/5532408219/il_794xN.5532408219_p5e6.jpg","https://v.etsystatic.com/video/upload/ac_none,du_15,q_auto:good/copy_0D0E85B2-887A-4E61-8089-A052A7B797F4_fmv5wa.mp4", 3CircleConcept,https://www.etsy.com/shop/3CircleConcept,"1,145 Sales"
https://www.etsy.com/listing/1712320063/portugal-summer-collage-phone-case?click_key=58c154a9ccbcd40f4d541971c8b4253ccf8543b5%3A1712320063&click_sum=6266c4ff&ga_order=most_relevant&ga_search_type=all&ga_view_type=gallery&ga_search_query=phone+cases&ref=search_grid-444510-16-26&pro=1&sts=1&content_source=7534fb56b264caae6ba7818eb76153d886689058%253A1712320063,Portugal Summer Collage Phone Case Mediterran Vacation Scrapbook Case Preppy Aesthetic iPhone 15 14 13 12 11 Pro Max Plus S23 S22 S20 Pixel,4.8403,196 reviews,USD 24.90, xoAzure,"https://i.etsystatic.com/11868018/c/1721/1367/147/257/il/489a96/5997386219/il_794xN.5997386219_paqf.jpg,https://i.etsystatic.com/11868018/r/il/608e1e/5956898133/il_794xN.5956898133_2ccs.jpg,https://i.etsystatic.com/11868018/r/il/f899ee/5880134780/il_794xN.5880134780_3edd.jpg,https://i.etsystatic.com/11868018/r/il/c648bd/5982699751/il_794xN.5982699751_mtyj.jpg,https://i.etsystatic.com/11868018/r/il/09a586/5928216675/il_794xN.5928216675_iaiu.jpg,https://i.etsystatic.com/11868018/r/il/cf3ea4/5928216639/il_794xN.5928216639_svaa.jpg,https://i.etsystatic.com/11868018/r/il/f41899/5908814258/il_794xN.5908814258_ocik.jpg,https://i.etsystatic.com/11868018/r/il/155ee4/5959195570/il_794xN.5959195570_hinp.jpg,https://i.etsystatic.com/11868018/r/il/e3e1d7/5928216719/il_794xN.5928216719_mrz8.jpg,https://i.etsystatic.com/11868018/r/il/6eed4a/5880134792/il_794xN.5880134792_dp43.jpg",, xoAzure,https://www.etsy.com/shop/xoAzure,873 Sales
https://www.etsy.com/listing/1718983287/vintage-fairy-garden-aesthetic-phone?click_key=6eb48ecd988b2d0bd9507ba763e9ba88b5da0420%3A1718983287&click_sum=647556d5&ga_order=most_relevant&ga_search_type=all&ga_view_type=gallery&ga_search_query=phone+cases&ref=search_grid-444510-16-27&pro=1&content_source=c01a166af04c8d54de3b7f2407bb2e24d6a514b1%253A1718983287,"Vintage Fairy Garden Aesthetic Phone Case, Fairycore Collage Phone Case, IPhone 15 14 13 12 11 Pro Max 8 Plus X, Samsung S24 S23 S22 S21",4.6897,203 reviews,USD 25.74, AryasCustom,"https://i.etsystatic.com/45216983/r/il/c592cc/5936777328/il_794xN.5936777328_t421.jpg,https://i.etsystatic.com/45216983/r/il/ad3501/5984847061/il_794xN.5984847061_phgb.jpg,https://i.etsystatic.com/45216983/r/il/cf9ab8/5936777330/il_794xN.5936777330_n1oj.jpg,https://i.etsystatic.com/45216983/r/il/15d17a/5936773130/il_794xN.5936773130_ns9f.jpg,https://i.etsystatic.com/45216983/r/il/24272f/5984847063/il_794xN.5984847063_czbz.jpg,https://i.etsystatic.com/45216983/r/il/6820fe/6064232391/il_794xN.6064232391_9tu0.jpg,https://i.etsystatic.com/45216983/r/il/97ec7e/6016167846/il_794xN.6016167846_bwqb.jpg,https://i.etsystatic.com/45216983/r/il/41e812/6064232383/il_794xN.6064232383_rhwo.jpg",, AryasCustom,https://www.etsy.com/shop/AryasCustom,"1,151 Sales"
https://www.etsy.com/listing/1269822938/funny-animal-phone-case-frog-rat-opossum?click_key=ce67f9787ad6ca31c3006b2c4ac8ebbe6a00642d%3A1269822938&click_sum=386f3815&ga_order=most_relevant&ga_search_type=all&ga_view_type=gallery&ga_search_query=phone+cases&ref=search_grid-444510-16-28&pro=1&sts=1&content_source=a9764867f92646dd3fe4425d4c46a39167e9429c%253A1269822938,"Funny Animal Phone Case - Frog Rat Opossum Goat Cover fit for iPhone 15 Pro Max, 14, 13, 12, 11, Xr Plus, Samsung S23 Ultra, S22, S21, S20",4.8302,"2,281 reviews",USD 16.34, Casqus,"https://i.etsystatic.com/36696747/r/il/45f2bd/5434805953/il_794xN.5434805953_h9yp.jpg,https://i.etsystatic.com/36696747/r/il/901e26/5434806011/il_794xN.5434806011_gdm7.jpg,https://i.etsystatic.com/36696747/r/il/0f73aa/5434806013/il_794xN.5434806013_eovf.jpg,https://i.etsystatic.com/36696747/r/il/957e52/5434806017/il_794xN.5434806017_htiu.jpg,https://i.etsystatic.com/36696747/r/il/937cae/5434806009/il_794xN.5434806009_nzjh.jpg,https://i.etsystatic.com/36696747/r/il/a9fb0b/5434806005/il_794xN.5434806005_f54y.jpg,https://i.etsystatic.com/36696747/r/il/10425d/5134357577/il_794xN.5134357577_otj9.jpg,https://i.etsystatic.com/36696747/r/il/1336db/5434805841/il_794xN.5434805841_mrv5.jpg,https://i.etsystatic.com/36696747/r/il/e548ab/5434805901/il_794xN.5434805901_9dld.jpg,https://i.etsystatic.com/36696747/r/il/70b7fa/4904134259/il_794xN.4904134259_6ze0.jpg","https://v.etsystatic.com/video/upload/ac_none,du_15,q_auto:good/phonecases_llvcnu_votlaf.mp4", Casqus,https://www.etsy.com/shop/Casqus,"9,322 Sales"
https://www.etsy.com/listing/1363403079/personalized-iphone-case-engagement-gift?click_key=2b84260f7e4058bb3e65ac2641cb39f47e10c43f%3A1363403079&click_sum=4237570b&ga_order=most_relevant&ga_search_type=all&ga_view_type=gallery&ga_search_query=phone+cases&ref=search_grid-444510-16-29&content_source=8dea8e834480392216f15ad5f401955eee5facd8%253A1363403079,Personalized iPhone Case Engagement Gift,5,6 reviews,USD 27.00, BridalWaveCo,"https://i.etsystatic.com/37529083/c/915/726/0/71/il/cff1a9/5746230558/il_794xN.5746230558_q8bp.jpg,https://i.etsystatic.com/37529083/r/il/8fc2d5/5746202474/il_794xN.5746202474_31rl.jpg,https://i.etsystatic.com/37529083/r/il/53c940/5794280061/il_794xN.5794280061_k9or.jpg",, BridalWaveCo,https://www.etsy.com/shop/BridalWaveCo,24 Sales
https://www.etsy.com/listing/1703426494/aquarium-phone-case-not-including-phone?click_key=f1a7ce724f8d6f29e9b06d5723d43a0056e59d94%3A1703426494&click_sum=e61cf469&ga_order=most_relevant&ga_search_type=all&ga_view_type=gallery&ga_search_query=phone+cases&ref=search_grid-444510-16-30&content_source=047817ea215baf69fc619e0cc238f0bb4c5df5d7%253A1703426494,aquarium phone case (not including phone charm),4.8586,198 reviews,USD 20.00, cutecitrine,"https://i.etsystatic.com/49693727/r/il/a9cacd/5978851545/il_794xN.5978851545_5t11.jpg,https://i.etsystatic.com/49693727/r/il/67a826/5930775020/il_794xN.5930775020_dx2l.jpg","https://v.etsystatic.com/video/upload/ac_none,du_15,q_auto:good/file_nzxrsm.mp4", cutecitrine,https://www.etsy.com/shop/cutecitrine,"1,337 Sales"
https://www.etsy.com/listing/1200041384/custom-movie-phone-case-film-color-dna?click_key=5fa98b2c67026f639cca23e83498f8e238c2234f%3A1200041384&click_sum=505d3ce3&ga_order=most_relevant&ga_search_type=all&ga_view_type=gallery&ga_search_query=phone+cases&ref=search_grid-444510-16-31&sts=1&content_source=58c1d89c13cb012e61dc866f3c33dce5ded7ab8b%253A1200041384,Custom Movie Phone Case / Film Color DNA / Movie Barcode / Gift for Film Buffs / Movie Art / Movie DNA / Personalized Gift / iPhone 16 Case,4.913,263 reviews,USD 37.99+, Caseum,"https://i.etsystatic.com/23553867/r/il/5c24ae/3850831355/il_794xN.3850831355_r33v.jpg,https://i.etsystatic.com/23553867/r/il/893ae7/3850831357/il_794xN.3850831357_tn9c.jpg,https://i.etsystatic.com/23553867/r/il/f0025a/3803528720/il_794xN.3803528720_qkq6.jpg,https://i.etsystatic.com/23553867/r/il/f31eb1/3803528936/il_794xN.3803528936_3cdy.jpg,https://i.etsystatic.com/23553867/r/il/95fdc8/3803528678/il_794xN.3803528678_82tb.jpg,https://i.etsystatic.com/23553867/r/il/46f1d2/3803538554/il_794xN.3803538554_q6qk.jpg,https://i.etsystatic.com/23553867/r/il/32bbf6/2512710076/il_794xN.2512710076_a78b.jpg,https://i.etsystatic.com/23553867/r/il/fd21e0/2512700956/il_794xN.2512700956_okmh.jpg,https://i.etsystatic.com/23553867/r/il/03aa6f/2512700954/il_794xN.2512700954_7nrr.jpg,https://i.etsystatic.com/23553867/r/il/9bac1d/3850831361/il_794xN.3850831361_4ait.jpg","https://v.etsystatic.com/video/upload/ac_none,du_15,q_auto:good/phone-case_dtc6uz.mp4", Caseum,https://www.etsy.com/shop/Caseum,"1,087 Sales"
https://www.etsy.com/listing/1532757001/taylor-folklore-august-this-is-me-trying?click_key=2b7a2c973493480c361a5afec083eae69fdb3eb7%3A1532757001&click_sum=2a205d17&ga_order=most_relevant&ga_search_type=all&ga_view_type=gallery&ga_search_query=phone+cases&ref=search_grid-444510-16-32&pro=1&frs=1&cns=1&content_source=9fe83f1dca70c206a2c62498b66ff9e3c65858e9%253A1532757001,"Taylor Folklore August this is me trying Lyrics Phone Case For iPhone 16 15 14 13 12, 11 Pro Xs Xr 8+SE Samsung S24 23 22 21 20 10 Pixel 7 8",4.5946,150 reviews,USD 13.88, TrailsofHer,"https://i.etsystatic.com/44712050/r/il/b4d4fe/5132507018/il_794xN.5132507018_mqb3.jpg,https://i.etsystatic.com/44712050/r/il/a2d01e/5180728445/il_794xN.5180728445_czh4.jpg,https://i.etsystatic.com/44712050/r/il/a2f8b9/5180728555/il_794xN.5180728555_30kh.jpg,https://i.etsystatic.com/44712050/r/il/fa1ce7/5132507642/il_794xN.5132507642_2c9k.jpg,https://i.etsystatic.com/44712050/r/il/b885e6/5132507784/il_794xN.5132507784_9rme.jpg,https://i.etsystatic.com/44712050/r/il/79034e/5180729051/il_794xN.5180729051_i4kn.jpg,https://i.etsystatic.com/44712050/r/il/c86c18/5180729839/il_794xN.5180729839_8ydg.jpg,https://i.etsystatic.com/44712050/r/il/692523/5132509318/il_794xN.5132509318_e4y3.jpg,https://i.etsystatic.com/44712050/r/il/871809/5180730611/il_794xN.5180730611_qxyh.jpg",, TrailsofHer,https://www.etsy.com/shop/TrailsofHer,683 Sales
https://www.etsy.com/listing/1438088224/striped-pink-orange-black-cream-magsafe?click_key=1c325b71c190d4fecfef881af75ca09240e67673%3A1438088224&click_sum=dbf9cd27&ga_order=most_relevant&ga_search_type=all&ga_view_type=gallery&ga_search_query=phone+cases&ref=search_grid-444510-16-33&content_source=199755e878d5d05d4b2e2c66b1beff0991bc6b42%253A1438088224,"Striped Pink, Orange, Black & Cream MagSafe Tough iPhone Case | iPhone 15 14 13 Pro Max Case, iPhone 15 14 Plus Case, iPhone 13 Mini",4.7821,314 reviews,USD 34.55, TheCaseFaceShop,"https://i.etsystatic.com/40684260/c/2000/2000/0/0/il/be2ec3/6273684485/il_794xN.6273684485_g9vv.jpg,https://i.etsystatic.com/40684260/r/il/f10f82/4784971078/il_794xN.4784971078_4zcq.jpg,https://i.etsystatic.com/40684260/r/il/0faeae/4833234977/il_794xN.4833234977_3h38.jpg,https://i.etsystatic.com/40684260/r/il/7ed09c/4784971112/il_794xN.4784971112_8v2y.jpg,https://i.etsystatic.com/40684260/r/il/953623/4784971064/il_794xN.4784971064_c140.jpg,https://i.etsystatic.com/40684260/r/il/2e9f0e/4833234965/il_794xN.4833234965_otf4.jpg,https://i.etsystatic.com/40684260/r/il/2a6872/4833234973/il_794xN.4833234973_2k1y.jpg,https://i.etsystatic.com/40684260/r/il/12f58a/4833234981/il_794xN.4833234981_48zp.jpg,https://i.etsystatic.com/40684260/r/il/f6c557/4784971080/il_794xN.4784971080_qqe9.jpg",, TheCaseFaceShop,https://www.etsy.com/shop/TheCaseFaceShop,"1,431 Sales"
https://www.etsy.com/listing/1031718930/leopard-print-phone-case-animal-phone?click_key=ed052a1a8daa5da9819880c375128673002a5979%3A1031718930&click_sum=5c483889&ga_order=most_relevant&ga_search_type=all&ga_view_type=gallery&ga_search_query=phone+cases&ref=search_grid-444510-16-34&content_source=638b01b19d0f6db974ca4e41cdbc116e7d2dab14%253A1031718930,"Leopard Print Phone Case // Animal Phone Case, Zebra Phone Case, Pink Safari Phone Case, iPhone 6 7 Plus, iPhone X XR XS Max, iPhone 11 Pro",4.7954,"2,175 reviews",USD 15.06, MadeByMaisieGB,"https://i.etsystatic.com/22144913/r/il/2b3d80/5336004123/il_794xN.5336004123_d8qh.jpg,https://i.etsystatic.com/22144913/r/il/3049b8/3490336500/il_794xN.3490336500_oc0u.jpg",, MadeByMaisieGB,https://www.etsy.com/shop/MadeByMaisieGB,"16,718 Sales"
https://www.etsy.com/listing/1626020582/sage-green-romantic-phone-case-aesthetic?click_key=fa8d1f8c054a3dfe272b915a008659775e0a4d76%3A1626020582&click_sum=063447c0&ga_order=most_relevant&ga_search_type=all&ga_view_type=gallery&ga_search_query=phone+cases&ref=search_grid-444510-16-35&pro=1&content_source=1817f6bc528eadbfcbdd4034a87b84cc94584155%253A1626020582,"Sage green Romantic Phone Case Aesthetic Summer Vintage  Collage Cover  for iPhone 15 14 13 12, Samsung S23 S22 A74 A54 A14, Pixel 8 Pro 7A",4.5824,91 shop reviews,USD 21.23, PixelGlamPrints,"https://i.etsystatic.com/48806355/r/il/c57172/5657492761/il_794xN.5657492761_nnc7.jpg,https://i.etsystatic.com/48806355/r/il/767ffe/5609401186/il_794xN.5609401186_2jl8.jpg,https://i.etsystatic.com/48806355/r/il/8efbcb/5609401336/il_794xN.5609401336_87yk.jpg,https://i.etsystatic.com/48806355/r/il/42f6d6/5657490475/il_794xN.5657490475_62cu.jpg,https://i.etsystatic.com/48806355/r/il/d7c490/5609402476/il_794xN.5609402476_gpi5.jpg,https://i.etsystatic.com/48806355/r/il/76d2f0/5609402594/il_794xN.5609402594_jl28.jpg,https://i.etsystatic.com/48806355/r/il/f5d30f/5609402716/il_794xN.5609402716_a7s1.jpg,https://i.etsystatic.com/48806355/r/il/74062c/5657491937/il_794xN.5657491937_fey8.jpg,https://i.etsystatic.com/48806355/r/il/421c08/5609403302/il_794xN.5609403302_974p.jpg,https://i.etsystatic.com/48806355/r/il/56f3bd/5657492595/il_794xN.5657492595_fo6z.jpg",, PixelGlamPrints,https://www.etsy.com/shop/PixelGlamPrints,528 Sales
https://www.etsy.com/listing/1412674387/white-seashell-iphone-case-for-iphone-15?click_key=c8e9924f8222e8872d13bdce5a8531c7801c59ef%3A1412674387&click_sum=52f3130d&ga_order=most_relevant&ga_search_type=all&ga_view_type=gallery&ga_search_query=phone+cases&ref=search_grid-444510-16-36&content_source=6aae83c959e31beeec2ae99d76980d09effa17d3%253A1412674387,"White Seashell iPhone Case, for iPhone 15 14 13 12 11 pro max with phone chain",4.7195,594 reviews,USD 30.38+, SASIGALS,"https://i.etsystatic.com/33334104/r/il/dfbb69/5944616780/il_794xN.5944616780_cy41.jpg,https://i.etsystatic.com/33334104/r/il/55215b/5132063347/il_794xN.5132063347_5unm.jpg,https://i.etsystatic.com/33334104/r/il/c8865f/5944619162/il_794xN.5944619162_pd0g.jpg","https://v.etsystatic.com/video/upload/ac_none,du_15,q_auto:good/shell_ftgclk.mp4", SASIGALS,https://www.etsy.com/shop/SASIGALS,"2,074 Sales"
https://www.etsy.com/listing/1682028623/walk-in-love-phone-case-christian-phone?click_key=930721cfbd441a8a4d1b2bf64d21d6466f01d81a%3A1682028623&click_sum=1eb211a5&ga_order=most_relevant&ga_search_type=all&ga_view_type=gallery&ga_search_query=phone+cases&ref=search_grid-444510-16-37&sts=1&content_source=f6f924e6bd28d7d5cd8209c64a10ccc1c5dc357c%253A1682028623,walk in love phone case / Christian phone case / Christian aesthetic / faith phone case / Christian gift,4.9811,53 shop reviews,USD 30.00, bestillcompany,"https://i.etsystatic.com/47484844/c/2361/1875/321/187/il/063717/5778367322/il_794xN.5778367322_sowm.jpg,https://i.etsystatic.com/47484844/r/il/178c77/5777754996/il_794xN.5777754996_nnvl.jpg,https://i.etsystatic.com/47484844/r/il/9ce706/5825890573/il_794xN.5825890573_57hv.jpg","https://v.etsystatic.com/video/upload/ac_none,du_15,q_auto:good/1708445254659754_svojit.mp4", bestillcompany,https://www.etsy.com/shop/bestillcompany,326 Sales
https://www.etsy.com/listing/1551451305/custom-pet-phone-case-use-your-pets?click_key=cbdef7d54a0f19be1687b5a921dacbe0844a0d8d%3A1551451305&click_sum=b6c3a434&ga_order=most_relevant&ga_search_type=all&ga_view_type=gallery&ga_search_query=phone+cases&ref=search_grid-444510-16-38&pro=1&sts=1&ret=1&content_source=0973e6520aae8769ea549ce4cf0aaaabca343137%253A1551451305,Custom Pet Phone Case - Use Your Pet's Photo and Name - Personalized Dog & Cat iPhone Case - Unique Custom Gift,4.8998,"2,344 reviews",USD 33.09+, paintandtail,"https://i.etsystatic.com/29688981/r/il/811e50/6018662186/il_794xN.6018662186_61o9.jpg,https://i.etsystatic.com/29688981/r/il/3429c9/6018665546/il_794xN.6018665546_lvq2.jpg,https://i.etsystatic.com/29688981/r/il/9b4a96/6018580368/il_794xN.6018580368_jodl.jpg,https://i.etsystatic.com/29688981/r/il/7a48c5/6018580408/il_794xN.6018580408_ov7r.jpg,https://i.etsystatic.com/29688981/r/il/093b00/6018580412/il_794xN.6018580412_9em3.jpg,https://i.etsystatic.com/29688981/r/il/0c6896/6018580318/il_794xN.6018580318_5j5e.jpg,https://i.etsystatic.com/29688981/r/il/aaf776/6018580410/il_794xN.6018580410_2f7e.jpg,https://i.etsystatic.com/29688981/r/il/361e95/6018576196/il_794xN.6018576196_9zne.jpg,https://i.etsystatic.com/29688981/r/il/463fa4/6066638517/il_794xN.6066638517_iu3b.jpg,https://i.etsystatic.com/29688981/r/il/68265a/6018576192/il_794xN.6018576192_eakd.jpg","https://v.etsystatic.com/video/upload/ac_none,du_15,q_auto:good/Phone_Case_Video_lcy1ap.mp4", paintandtail,https://www.etsy.com/shop/paintandtail,"8,692 Sales"
https://www.etsy.com/listing/1495396112/hawaiian-flowers-summer-the-favourites?click_key=4d452f6178538b65c8308b59e8ce2b2192dd14db%3A1495396112&click_sum=d31fe7c7&ga_order=most_relevant&ga_search_type=all&ga_view_type=gallery&ga_search_query=phone+cases&ref=search_grid-444510-16-39&content_source=98e03b87a18ce77473fefc355341ada6e042bcaa%253A1495396112,Hawaiian flowers summer the favourites collection | durable phone case | suitable for all iPhone models| small gift| | Gifts for her,4.8829,513 shop reviews,USD 17.80, CASELLAUK,"https://i.etsystatic.com/23516950/r/il/7d459c/5368884781/il_794xN.5368884781_cpwu.jpg,https://i.etsystatic.com/23516950/r/il/26c5fe/5075603437/il_794xN.5075603437_hgju.jpg,https://i.etsystatic.com/23516950/r/il/81f950/5075603557/il_794xN.5075603557_a8es.jpg,https://i.etsystatic.com/23516950/r/il/db0160/4954266776/il_794xN.4954266776_pk0f.jpg",, CASELLAUK,https://www.etsy.com/shop/CASELLAUK,"2,722 Sales"
https://www.etsy.com/listing/1546262436/anime-iphone-casecute-gift-for-anime-boy?click_key=3854f00b7d6738dcdaaf36cfde2045716b1e22b3%3A1546262436&click_sum=9493a056&ga_order=most_relevant&ga_search_type=all&ga_view_type=gallery&ga_search_query=phone+cases&ref=search_grid-444510-16-40&pro=1&ret=1&content_source=2cb463427e74074e9b5d641ec341009f2644d254%253A1546262436,"Anime iphone case,cute gift for anime boy or girl,shockproof phone case for iphone 11,12,13,14,15pro,promax,Laser phone case for him/her",4.8362,232 reviews,USD 22.62, ANIMEEENO,"https://i.etsystatic.com/45012007/r/il/924971/5309884553/il_794xN.5309884553_1ja5.jpg,https://i.etsystatic.com/45012007/r/il/36ef31/5309883807/il_794xN.5309883807_9pot.jpg,https://i.etsystatic.com/45012007/r/il/08e041/5309883811/il_794xN.5309883811_jqq3.jpg,https://i.etsystatic.com/45012007/r/il/2cb526/5309883817/il_794xN.5309883817_m82y.jpg,https://i.etsystatic.com/45012007/r/il/446985/5261701924/il_794xN.5261701924_j76t.jpg","https://v.etsystatic.com/video/upload/ac_none,du_15,q_auto:good/kakakabiu_nkd3u3.mp4", ANIMEEENO,https://www.etsy.com/shop/ANIMEEENO,758 Sales
https://www.etsy.com/listing/1531463058/custom-name-phone-case-pink-doll-font?click_key=efd92499b92d98ac4005233bec8b56627a7129c7%3A1531463058&click_sum=11491229&ga_order=most_relevant&ga_search_type=all&ga_view_type=gallery&ga_search_query=phone+cases&ref=search_grid-444510-16-41&pro=1&sts=1&content_source=d5871f16537cf9fa9e93c6fe80ced4e31bc9be93%253A1531463058,Custom Name Phone Case Pink Doll Font Phone Case Personalized Name Phonecase Customized Phonecase Pop Phone Case Movie Pinky Phonecase Bride,4.9583,254 reviews,USD 19.92, Circle6Lab,"https://i.etsystatic.com/43387025/r/il/873a6a/5195503606/il_794xN.5195503606_mo7p.jpg,https://i.etsystatic.com/43387025/r/il/c84b37/5195503642/il_794xN.5195503642_eony.jpg,https://i.etsystatic.com/43387025/r/il/fb6a45/5243731053/il_794xN.5243731053_mpl3.jpg,https://i.etsystatic.com/43387025/r/il/86aea3/5243731045/il_794xN.5243731045_k6m3.jpg,https://i.etsystatic.com/43387025/r/il/b217f1/5195503658/il_794xN.5195503658_3gmz.jpg,https://i.etsystatic.com/43387025/r/il/bf4de5/5195503640/il_794xN.5195503640_d7pj.jpg,https://i.etsystatic.com/43387025/r/il/690f54/5749002043/il_794xN.5749002043_s53m.jpg,https://i.etsystatic.com/43387025/r/il/e6cad5/5700947934/il_794xN.5700947934_fj9u.jpg",, Circle6Lab,https://www.etsy.com/shop/Circle6Lab,880 Sales
https://www.etsy.com/listing/1378963226/cute-avocado-couple-matching-phone-case?click_key=42de4aadf1726dfa17fba20a550cb10784a47d56%3A1378963226&click_sum=83de622b&ga_order=most_relevant&ga_search_type=all&ga_view_type=gallery&ga_search_query=phone+cases&ref=search_grid-444510-16-42&pro=1&sts=1&ret=1&content_source=3cac48e6f46989e448ded8fd5e929f1cf6bb372f%253A1378963226,"Cute Avocado Couple Matching Phone Case - Anniversary Gift fit for iPhone 15 Pro Max, 14, 13, 12, 11 Plus, Samsung S23 Ultra, S22, S21, S20",4.8302,"2,281 shop reviews",USD 29.78, Casqus,"https://i.etsystatic.com/36696747/r/il/af5be7/4519667592/il_794xN.4519667592_8cmk.jpg,https://i.etsystatic.com/36696747/r/il/bda9c7/4519667568/il_794xN.4519667568_pjwf.jpg,https://i.etsystatic.com/36696747/r/il/0568c2/4567054053/il_794xN.4567054053_fhkp.jpg,https://i.etsystatic.com/36696747/r/il/27189d/5086065540/il_794xN.5086065540_pdbn.jpg,https://i.etsystatic.com/36696747/r/il/76ac3e/4187219958/il_794xN.4187219958_23c8.jpg","https://v.etsystatic.com/video/upload/ac_none,du_15,q_auto:good/phonecases_llvcnu_hxzadl.mp4", Casqus,https://www.etsy.com/shop/Casqus,"9,322 Sales"
https://www.etsy.com/listing/1109609054/monogram-tortoise-iphone-case?click_key=8117526fbf4fcbe5446e444eb642918be4e34e4c%3A1109609054&click_sum=44f95459&ga_order=most_relevant&ga_search_type=all&ga_view_type=gallery&ga_search_query=phone+cases&ref=search_grid-444510-16-43&content_source=f23045e1858bc9da035316cc1c56395a405240dd%253A1109609054,Monogram Tortoise iPhone Case Personalized Stripe Initial iPhone 12 Case Custom iPhone 13 Pro Case iPhone 11 XS 8 7 Plus XR,4.7798,"12,284 reviews",USD 23.99+, NewJoyStudio,"https://i.etsystatic.com/17301870/r/il/b91dc7/3477255864/il_794xN.3477255864_g5d8.jpg,https://i.etsystatic.com/17301870/r/il/e80617/3477259554/il_794xN.3477259554_mvj8.jpg,https://i.etsystatic.com/17301870/r/il/3b791c/3477255870/il_794xN.3477255870_fnmo.jpg,https://i.etsystatic.com/17301870/r/il/572d67/3524908957/il_794xN.3524908957_tbvd.jpg,https://i.etsystatic.com/17301870/r/il/e2fccd/3477255868/il_794xN.3477255868_nl80.jpg,https://i.etsystatic.com/17301870/r/il/3587c7/3477255806/il_794xN.3477255806_qkk7.jpg,https://i.etsystatic.com/17301870/r/il/e4da89/3477255814/il_794xN.3477255814_fper.jpg,https://i.etsystatic.com/17301870/r/il/455c19/2292448420/il_794xN.2292448420_lty9.jpg,https://i.etsystatic.com/17301870/r/il/7c45be/4103022445/il_794xN.4103022445_fluf.jpg,https://i.etsystatic.com/17301870/r/il/d3be59/2216807053/il_794xN.2216807053_qiep.jpg",, NewJoyStudio,https://www.etsy.com/shop/NewJoyStudio,"66,526 Sales"
https://www.etsy.com/listing/1592975161/pressed-real-tulip-iphone-case-for?click_key=0795e6ea753d815e9ef895e500992e6ec8ded3de%3A1592975161&click_sum=7baa183a&ga_order=most_relevant&ga_search_type=all&ga_view_type=gallery&ga_search_query=phone+cases&ref=search_grid-444510-16-44&pro=1&ret=1&content_source=98a9ff014628f5ad6875770f0be469e1530bc9d6%253A1592975161,Pressed Real Tulip iPhone Case for iPhone 15 14 13 12 11 Pro Max | iPhone 13 Case | iPhone 14 Case | iPhone 13 Pro Max Case,4.8107,393 reviews,USD 31.68, BeYouBeUniqueStore,"https://i.etsystatic.com/39758019/r/il/d1357b/6276872403/il_794xN.6276872403_5tut.jpg,https://i.etsystatic.com/39758019/r/il/712b55/5471272751/il_794xN.5471272751_826y.jpg,https://i.etsystatic.com/39758019/r/il/583043/5423142276/il_794xN.5423142276_5v1y.jpg,https://i.etsystatic.com/39758019/r/il/ded82e/6228808684/il_794xN.6228808684_o3qr.jpg,https://i.etsystatic.com/39758019/r/il/152035/6228808788/il_794xN.6228808788_th7e.jpg,https://i.etsystatic.com/39758019/r/il/067ce6/6276866699/il_794xN.6276866699_4gby.jpg","https://v.etsystatic.com/video/upload/ac_none,du_15,q_auto:good/4b4efb88f366a5f48f5c67c972a6c5ef_gteeku.mp4", BeYouBeUniqueStore,https://www.etsy.com/shop/BeYouBeUniqueStore,"1,893 Sales"
https://www.etsy.com/listing/1759335447/coral-phone-case?click_key=48b521b7f27108d3482f9810e0168c67e4cd67a6%3A1759335447&click_sum=be52a8b0&ga_order=most_relevant&ga_search_type=all&ga_view_type=gallery&ga_search_query=phone+cases&ref=search_grid-444510-16-45&content_source=4fb2ddedbddae67615f4ff57b443c24dfa69f21c%253A1759335447,coral phone case,4.8586,198 shop reviews,USD 20.82, cutecitrine,"https://i.etsystatic.com/49693727/r/il/eb1321/6113838978/il_794xN.6113838978_55vt.jpg,https://i.etsystatic.com/49693727/r/il/3e4c7f/6161958139/il_794xN.6161958139_rq9x.jpg",, cutecitrine,https://www.etsy.com/shop/cutecitrine,"1,337 Sales"
https://www.etsy.com/listing/1319596727/halloween-png-retro-halloween?click_key=ca3a20cbfc9409b4e3189b4cbc767af61d58274b%3A1319596727&click_sum=615d7d80&ga_order=most_relevant&ga_search_type=all&ga_view_type=gallery&ga_search_query=phone+cases&ref=search_grid-444510-16-46&dd=1&content_source=2733c19954348aa78be1eb5d9989105b38093439%253A1319596727,"Halloween Png, Retro Halloween Sublimation, Phone Case Sublimation, iPhone Cover Png, Sublimation Template for Phone, Personalised Gift",4.9894,"1,663 reviews",USD 6.00, CraftyCutterSVG,"https://i.etsystatic.com/19249845/r/il/1e2668/4226629284/il_794xN.4226629284_m1vw.jpg,https://i.etsystatic.com/19249845/r/il/435bf1/4273934957/il_794xN.4273934957_5a5p.jpg,https://i.etsystatic.com/19249845/r/il/5aa796/4226279516/il_794xN.4226279516_rgqf.jpg,https://i.etsystatic.com/19249845/r/il/af236d/4167252215/il_794xN.4167252215_41w1.jpg,https://i.etsystatic.com/19249845/r/il/f7791d/4167252219/il_794xN.4167252219_tfxi.jpg,https://i.etsystatic.com/19249845/r/il/7cb2a5/4119590396/il_794xN.4119590396_da06.jpg",, CraftyCutterSVG,https://www.etsy.com/shop/CraftyCutterSVG,"27,463 Sales"
https://www.etsy.com/listing/1661132627/italian-summer-phone-case-portugal?click_key=0f42528febe9655592f695c240b441bc87793383%3A1661132627&click_sum=8db73278&ga_order=most_relevant&ga_search_type=all&ga_view_type=gallery&ga_search_query=phone+cases&ref=search_grid-444510-16-47&pro=1&content_source=242f59d3dc92df178e7f17983bb9d82c27f9a7be%253A1661132627,"Italian Summer Phone Case Portugal Mindset Food Wine Cover for iPhone 15 14 13 12, Samsung S23 S22 A74 A54 A14, Pixel 8 Pro 7A",4.5824,91 reviews,USD 22.16, PixelGlamPrints,"https://i.etsystatic.com/48806355/r/il/895369/5735377995/il_794xN.5735377995_lgii.jpg,https://i.etsystatic.com/48806355/r/il/340fba/5687339316/il_794xN.5687339316_gaaa.jpg,https://i.etsystatic.com/48806355/r/il/167702/5735375907/il_794xN.5735375907_6c8h.jpg,https://i.etsystatic.com/48806355/r/il/899c39/5687339572/il_794xN.5687339572_8hzj.jpg,https://i.etsystatic.com/48806355/r/il/501f68/5687340334/il_794xN.5687340334_oow4.jpg,https://i.etsystatic.com/48806355/r/il/324b49/5735376967/il_794xN.5735376967_my0p.jpg,https://i.etsystatic.com/48806355/r/il/58d319/5735377155/il_794xN.5735377155_nev3.jpg,https://i.etsystatic.com/48806355/r/il/44747e/5687340852/il_794xN.5687340852_qxtb.jpg,https://i.etsystatic.com/48806355/r/il/eb7e7a/5735377609/il_794xN.5735377609_i64s.jpg,https://i.etsystatic.com/48806355/r/il/82dc62/5735377831/il_794xN.5735377831_fsr3.jpg","https://v.etsystatic.com/video/upload/ac_none,du_15,q_auto:good/YPH_-_Phone_Cases_-_SHOWCASE_-_Trim_bljalq.mp4", PixelGlamPrints,https://www.etsy.com/shop/PixelGlamPrints,528 Sales
https://www.etsy.com/listing/1722748571/sophie-leopard-print-heart-protective?click_key=30e663b2bb15cb8231b2a3f6a9a843ec36803ef5%3A1722748571&click_sum=ad6250b4&ga_order=most_relevant&ga_search_type=all&ga_view_type=gallery&ga_search_query=phone+cases&ref=search_grid-444510-16-48&content_source=8cc0b23e72054cd15a7dbe6bbbf083591da183e9%253A1722748571,SOPHIE leopard print heart Protective phone case | Trendy | Cute | girly | animal print | Trendy | Stylish | iphone case | Google Pixel,4.4419,89 shop reviews,USD 29.99, xmrksthespotshops,"https://i.etsystatic.com/36737811/r/il/ec480b/6249359831/il_794xN.6249359831_o1b1.jpg,https://i.etsystatic.com/36737811/r/il/72d9e8/6025080776/il_794xN.6025080776_j40j.jpg,https://i.etsystatic.com/36737811/r/il/f40bc7/5985082042/il_794xN.5985082042_str9.jpg,https://i.etsystatic.com/36737811/r/il/b1a92f/6073146759/il_794xN.6073146759_rdxt.jpg,https://i.etsystatic.com/36737811/r/il/f2c613/5985083818/il_794xN.5985083818_jge0.jpg,https://i.etsystatic.com/36737811/r/il/78b851/5985083822/il_794xN.5985083822_6b5q.jpg,https://i.etsystatic.com/36737811/r/il/281d1b/5985083820/il_794xN.5985083820_4gd2.jpg,https://i.etsystatic.com/36737811/r/il/ee1a0e/6033145485/il_794xN.6033145485_h6aq.jpg,https://i.etsystatic.com/36737811/r/il/50e90e/5985083826/il_794xN.5985083826_ibq7.jpg,https://i.etsystatic.com/36737811/r/il/b5cb98/5985085436/il_794xN.5985085436_9a33.jpg",, xmrksthespotshops,https://www.etsy.com/shop/xmrksthespotshops,547 Sales
https://www.etsy.com/listing/1648521387/tooled-leather-phone-case?click_key=14c3376e8ec01d09924b61a5ddf04ccee1cb69d2%3A1648521387&click_sum=f816b691&ga_order=most_relevant&ga_search_type=all&ga_view_type=gallery&ga_search_query=phone+cases&ref=search_grid-60665-17-1&cns=1,Tooled leather phone case,4.8229,"4,194 reviews",USD 50.00, WillowCrkBoutique,"https://i.etsystatic.com/24758354/r/il/d10beb/5683385545/il_794xN.5683385545_4skp.jpg,https://i.etsystatic.com/24758354/r/il/fad706/5635321772/il_794xN.5635321772_d1sw.jpg",, WillowCrkBoutique,https://www.etsy.com/shop/WillowCrkBoutique,
